ds,RealVal,PatchTST,LSTM
1/1/2024 1:00,5.8,1.768333197,4.035105705
1/1/2024 2:00,7.6,7.706089497,5.350414276
1/1/2024 3:00,6.1,9.545949936,6.865287781
1/1/2024 4:00,6.5,5.210724831,5.11588192
1/1/2024 5:00,5,6.740960121,5.862921238
1/1/2024 6:00,7.2,4.202978611,4.620771885
1/1/2024 7:00,6.1,9.779542923,6.337865829
1/1/2024 8:00,6.8,5.345340729,5.256329536
1/1/2024 9:00,6.5,6.953163147,6.229547501
1/1/2024 10:00,8.3,6.348004341,5.793743134
1/1/2024 11:00,11.9,9.933764458,7.510232925
1/1/2024 12:00,12.2,16.21228027,10.30430031
1/1/2024 13:00,11.5,11.97730637,11.8199749
1/1/2024 14:00,11.9,10.36154175,11.52015305
1/1/2024 15:00,12.2,12.17577171,12.18106461
1/1/2024 16:00,10.8,12.15803528,12.13869286
1/1/2024 17:00,7.6,9.545090675,9.862146378
1/1/2024 18:00,8.6,6.017380714,6.730892181
1/1/2024 19:00,9,9.240124702,8.451351166
1/1/2024 20:00,9,9.340388298,8.792798042
1/1/2024 21:00,9,8.338565826,8.002832413
1/1/2024 22:00,8.6,8.473069191,8.052167892
1/1/2024 23:00,7.9,7.768957138,7.487895012
1/2/2024 0:00,7.6,7.29982233,6.842475891
1/2/2024 1:00,5.4,7.324692726,6.760798931
1/2/2024 2:00,4.7,4.595472336,4.607970238
1/2/2024 3:00,5.8,4.344339371,4.205286026
1/2/2024 4:00,5.8,6.697663307,5.512763977
1/2/2024 5:00,5.4,5.657971382,5.272015572
1/2/2024 6:00,2.9,4.954139709,4.956299305
1/2/2024 7:00,2.2,2.039459229,2.658834934
1/2/2024 8:00,1.8,1.95391643,2.35865283
1/2/2024 9:00,1.1,2.027642012,2.022361279
1/2/2024 10:00,0.7,1.164130926,1.459549904
1/2/2024 11:00,2.2,0.815113306,1.290011406
1/2/2024 12:00,2.5,3.564781666,3.324572086
1/2/2024 13:00,4.3,2.970381737,2.628984928
1/2/2024 14:00,5,6.630772591,5.541410923
1/2/2024 15:00,4,5.701733589,5.615784168
1/2/2024 16:00,3.6,3.43381691,3.872739792
1/2/2024 17:00,3.2,3.499216795,3.576386452
1/2/2024 18:00,1.8,3.137174845,3.174786091
1/2/2024 19:00,3.2,1.522270083,1.970062017
1/2/2024 20:00,4,4.363678932,3.605770111
1/2/2024 21:00,4,4.680614471,4.155996799
1/2/2024 22:00,5.4,3.837582588,3.298286676
1/2/2024 23:00,5,6.889595032,5.241372585
1/3/2024 0:00,5,4.559792995,4.512145519
1/3/2024 1:00,4.3,4.696969032,4.387878418
1/3/2024 2:00,4.7,3.820188999,3.933033466
1/3/2024 3:00,2.5,4.677303791,4.472499847
1/3/2024 4:00,3.6,1.709180117,2.655255318
1/3/2024 5:00,4.7,4.06089592,3.757926464
1/3/2024 6:00,4.3,5.719783306,4.70678854
1/3/2024 7:00,4.3,3.776541948,3.843815088
1/3/2024 8:00,6.5,4.074392796,4.129548073
1/3/2024 9:00,9.4,8.790973663,6.554503918
1/3/2024 10:00,9.4,12.83732986,9.402500153
1/3/2024 11:00,9.7,8.86422348,8.942914963
1/3/2024 12:00,10.1,9.429868698,9.979541779
1/3/2024 13:00,9.7,10.31395912,10.38988876
1/3/2024 14:00,9.7,8.886759758,9.466892242
1/3/2024 15:00,7.2,9.19334507,9.631814957
1/3/2024 16:00,6.5,5.99352932,6.212931633
1/3/2024 17:00,23.8,5.887261391,5.915013313
1/3/2024 18:00,37.4,32.80226517,12.32566261
1/3/2024 19:00,22,41.56954956,19.97079468
1/3/2024 20:00,18.4,14.99325371,14.7260046
1/3/2024 21:00,14,15.59284401,14.76381493
1/3/2024 22:00,12.6,12.40402699,13.57313728
1/3/2024 23:00,13.3,11.18075943,10.89283943
1/4/2024 0:00,15.5,13.33139133,12.27492714
1/4/2024 1:00,15.5,17.06772995,14.13135147
1/4/2024 2:00,16.9,15.82308674,13.40201759
1/4/2024 3:00,14.4,18.67863655,14.86083984
1/4/2024 4:00,11.9,11.91431808,12.42977524
1/4/2024 5:00,9.4,9.869549751,10.12251568
1/4/2024 6:00,8.6,8.204589844,8.145393372
1/4/2024 7:00,8.3,8.021324158,7.838863373
1/4/2024 8:00,7.6,7.962983608,7.697227478
1/4/2024 9:00,5,6.794857979,7.024405003
1/4/2024 10:00,5,3.92868185,4.098558426
1/4/2024 11:00,6.1,4.715286732,5.073789597
1/4/2024 12:00,7.6,7.093266487,6.124384403
1/4/2024 13:00,8.6,8.860924721,8.163183212
1/4/2024 14:00,10.1,9.460277557,9.564308167
1/4/2024 15:00,9.7,11.9601059,11.93199825
1/4/2024 16:00,9,9.655172348,9.958476067
1/4/2024 17:00,6.8,8.618798256,9.280822754
1/4/2024 18:00,5.4,5.804598808,6.482110023
1/4/2024 19:00,5.4,4.624499321,5.166038036
1/4/2024 20:00,6.8,5.682593822,5.417268276
1/4/2024 21:00,7.6,7.722097397,7.166418076
1/4/2024 22:00,5,7.896702766,7.30563736
1/4/2024 23:00,4,3.606077194,3.709990978
1/5/2024 0:00,5,3.422940969,3.283913851
1/5/2024 1:00,5.4,5.706571579,5.430314541
1/5/2024 2:00,4,5.517529011,5.168046951
1/5/2024 3:00,2.9,3.550452471,3.389308929
1/5/2024 4:00,3.2,2.792498112,2.62745142
1/5/2024 5:00,2.5,3.445515871,3.234228373
1/5/2024 6:00,2.2,2.062851429,2.379618168
1/5/2024 7:00,5,1.927176952,2.173682213
1/5/2024 8:00,6.1,7.403323174,5.80587101
1/5/2024 9:00,4,7.062407494,5.998743534
1/5/2024 10:00,3.2,3.323820591,3.456482887
1/5/2024 11:00,5.8,2.896241903,3.201104164
1/5/2024 12:00,9.4,8.071580887,6.856788635
1/5/2024 13:00,8.3,13.10032558,10.96463776
1/5/2024 14:00,4.3,7.343277454,7.6713624
1/5/2024 15:00,0.7,2.728483677,4.668548584
1/5/2024 16:00,3.6,0.060290933,2.666060448
1/5/2024 17:00,7.6,6.013121128,5.067453384
1/5/2024 18:00,9.4,11.02405167,8.179582596
1/5/2024 19:00,10.4,10.97676182,8.11356926
1/5/2024 20:00,9.4,11.02938461,9.205450058
1/5/2024 21:00,7.9,8.514922142,8.036254883
1/5/2024 22:00,7.9,6.760489464,6.549562454
1/5/2024 23:00,6.1,7.54444313,7.281284332
1/6/2024 0:00,4.3,5.284358501,5.354192734
1/6/2024 1:00,3.6,3.730731487,3.795119762
1/6/2024 2:00,5.4,3.338815689,3.530258656
1/6/2024 3:00,3.6,6.605593681,5.511719704
1/6/2024 4:00,4.3,3.013014555,3.31795454
1/6/2024 5:00,3.6,4.413458824,4.419336319
1/6/2024 6:00,1.4,3.3048563,3.479214668
1/6/2024 7:00,1.8,0.73883605,1.991518497
1/6/2024 8:00,6.1,2.090279579,2.416145086
1/6/2024 9:00,6.8,9.552904129,6.976297855
1/6/2024 10:00,7.2,7.500031948,6.159664631
1/6/2024 11:00,10.8,7.408693314,7.184522629
1/6/2024 12:00,10.8,13.87049294,12.27725601
1/6/2024 13:00,11.2,10.33552074,10.87698078
1/6/2024 14:00,12.6,10.98749447,11.46861553
1/6/2024 15:00,14,13.89945412,12.93337631
1/6/2024 16:00,13.7,15.27323055,13.80636406
1/6/2024 17:00,13,13.61890793,12.10154724
1/6/2024 18:00,13.7,12.00253677,11.33871555
1/6/2024 19:00,12.2,13.99542618,12.76310349
1/6/2024 20:00,10.8,10.82562828,10.66905403
1/6/2024 21:00,13,9.542478561,9.097335815
1/6/2024 22:00,14,15.08370972,12.57962704
1/6/2024 23:00,14,14.59966469,13.23361874
1/7/2024 0:00,10.1,13.39067841,12.5167141
1/7/2024 1:00,15.8,8.07557106,8.414194107
1/7/2024 2:00,19.4,19.4887104,14.55913734
1/7/2024 3:00,15.8,23.29148102,17.77090073
1/7/2024 4:00,16.6,12.26506424,13.40022278
1/7/2024 5:00,15.8,17.00650978,15.65486717
1/7/2024 6:00,18.4,15.15874004,14.82575893
1/7/2024 7:00,20.5,20.66739464,18.19839287
1/7/2024 8:00,32.8,22.6824913,20.86861038
1/7/2024 9:00,35.6,37.60795975,30.48345566
1/7/2024 10:00,33.1,37.30621719,36.27028656
1/7/2024 11:00,31.7,32.10829163,31.95915222
1/7/2024 12:00,29.2,31.04310608,31.56530762
1/7/2024 13:00,24.8,27.65210915,27.59782028
1/7/2024 14:00,25.2,21.82301903,22.17103386
1/7/2024 15:00,24.5,25.42243195,22.98339272
1/7/2024 16:00,25.2,23.74134445,22.4653492
1/7/2024 17:00,26.6,25.80737877,22.19029617
1/7/2024 18:00,27.7,26.97481918,23.79674339
1/7/2024 19:00,29.2,27.44663811,24.77801704
1/7/2024 20:00,27.7,29.01524353,26.58140373
1/7/2024 21:00,26.6,25.87561989,25.328125
1/7/2024 22:00,26.3,25.19416237,24.68214798
1/7/2024 23:00,23.8,25.62350464,25.50964355
1/8/2024 0:00,9.7,21.18691826,21.5909729
1/8/2024 1:00,8.6,6.137720108,7.072048187
1/8/2024 2:00,7.2,7.554581165,9.901143074
1/8/2024 3:00,8.3,6.955967903,7.118862629
1/8/2024 4:00,10.1,8.329630852,8.566738129
1/8/2024 5:00,11.2,11.09022617,10.59582615
1/8/2024 6:00,12.2,11.57201767,11.82928848
1/8/2024 7:00,9.7,13.66149998,13.40740967
1/8/2024 8:00,9,8.597694397,8.921985626
1/8/2024 9:00,8.6,8.469025612,9.858587265
1/8/2024 10:00,12.6,8.525954247,9.317472458
1/8/2024 11:00,18.4,15.68936348,15.63691711
1/8/2024 12:00,19.1,22.49019432,21.70755577
1/8/2024 13:00,18,19.23567772,16.89749527
1/8/2024 14:00,16.9,16.58826256,15.65036297
1/8/2024 15:00,16.6,15.73566723,15.12473869
1/8/2024 16:00,16.2,16.0628624,14.88806152
1/8/2024 17:00,13.7,15.95169067,14.46057129
1/8/2024 18:00,10.4,12.28728867,11.67684174
1/8/2024 19:00,7.9,8.864305496,8.571432114
1/8/2024 20:00,5.8,6.831035137,6.801875114
1/8/2024 21:00,3.6,5.214216232,5.211651802
1/8/2024 22:00,3.2,3.097872496,3.963124752
1/8/2024 23:00,2.9,3.149571419,3.52700901
1/9/2024 0:00,2.5,2.999700785,3.179018497
1/9/2024 1:00,3.6,2.855230808,2.716713428
1/9/2024 2:00,5,4.338665009,3.958432436
1/9/2024 3:00,5.4,5.89029932,5.375906944
1/9/2024 4:00,4.3,5.773257732,5.292098045
1/9/2024 5:00,4.3,3.75439024,3.571240902
1/9/2024 6:00,4.7,4.315313339,4.267482281
1/9/2024 7:00,4.3,4.902298927,4.944829941
1/9/2024 8:00,3.6,4.257318974,4.092035294
1/9/2024 9:00,3.6,3.433900833,3.360950947
1/9/2024 10:00,5.8,3.757012844,3.93269825
1/9/2024 11:00,6.5,7.794909,7.803117275
1/9/2024 12:00,6.8,7.184087276,6.848725319
1/9/2024 13:00,6.5,6.951729298,6.970433712
1/9/2024 14:00,5,6.341332912,6.306522846
1/9/2024 15:00,4.3,4.582233906,4.361804008
1/9/2024 16:00,6.5,4.149606228,3.940696955
1/9/2024 17:00,8.6,7.947686195,7.797571659
1/9/2024 18:00,9.7,10.37686539,9.240670204
1/9/2024 19:00,8.6,10.49045181,8.261918068
1/9/2024 20:00,7.9,7.612607956,7.33409977
1/9/2024 21:00,7.6,7.242640495,7.120819092
1/9/2024 22:00,7.6,7.268622875,7.291995525
1/9/2024 23:00,6.8,7.201386929,7.187332153
1/10/2024 0:00,5.8,6.236135483,6.009534836
1/10/2024 1:00,2.5,5.440890312,4.880392551
1/10/2024 2:00,2.9,1.913248539,2.679310322
1/10/2024 3:00,4.3,3.168596745,3.409362793
1/10/2024 4:00,2.9,5.20464468,5.054563522
1/10/2024 5:00,3.2,2.363221407,2.734045029
1/10/2024 6:00,4.3,3.421668053,3.293998718
1/10/2024 7:00,4.3,4.981193542,4.659500122
1/10/2024 8:00,5.8,4.565440655,3.984282017
1/10/2024 9:00,7.6,6.988531113,6.440888405
1/10/2024 10:00,7.2,9.16601944,8.655924797
1/10/2024 11:00,6.8,7.132918358,6.701215267
1/10/2024 12:00,9.7,6.498456955,6.442463875
1/10/2024 13:00,10.1,11.82111931,12.13883591
1/10/2024 14:00,8.6,10.01084042,10.19054317
1/10/2024 15:00,7.9,7.660228729,7.630178452
1/10/2024 16:00,9.4,7.620414257,7.36734581
1/10/2024 17:00,8.3,10.49402142,9.646885872
1/10/2024 18:00,8.3,7.609611511,7.188363552
1/10/2024 19:00,7.2,7.63244772,7.215214729
1/10/2024 20:00,5,6.401373863,6.544050694
1/10/2024 21:00,5.8,4.13319397,4.527427197
1/10/2024 22:00,16.6,5.949828148,5.84577179
1/10/2024 23:00,24.5,22.31212234,15.73311424
1/11/2024 0:00,20.5,28.82884789,21.86643028
1/11/2024 1:00,23.8,17.3998394,15.85916328
1/11/2024 2:00,25.9,25.2118988,20.57401657
1/11/2024 3:00,23.4,26.86415863,23.56303215
1/11/2024 4:00,26.3,21.11144447,20.55475998
1/11/2024 5:00,31,26.95254898,24.76550484
1/11/2024 6:00,33.1,33.60082626,30.25697517
1/11/2024 7:00,29.5,33.84256744,33.02275848
1/11/2024 8:00,24.1,26.72060013,27.03235054
1/11/2024 9:00,21.6,20.36638832,20.01633453
1/11/2024 10:00,22.7,19.50209999,19.75022507
1/11/2024 11:00,27.4,23.5375576,22.13259697
1/11/2024 12:00,26.6,29.5457058,25.65278816
1/11/2024 13:00,30.6,25.71146011,24.09709167
1/11/2024 14:00,26.3,32.74631882,28.09275055
1/11/2024 15:00,28.1,23.42498207,22.15948868
1/11/2024 16:00,30.6,28.27789497,25.37490463
1/11/2024 17:00,24.8,31.78019333,28.32051086
1/11/2024 18:00,16.6,20.69688797,21.27772713
1/11/2024 19:00,12.6,12.6975441,13.75880623
1/11/2024 20:00,10.8,11.03973579,11.58251286
1/11/2024 21:00,8.3,10.21117496,10.17742825
1/11/2024 22:00,7.6,7.273575306,7.361839771
1/11/2024 23:00,4,6.778579235,7.542616844
1/12/2024 0:00,3.6,3.023971796,4.043472767
1/12/2024 1:00,2.5,3.903653622,4.931102753
1/12/2024 2:00,2.9,2.695134878,3.618279934
1/12/2024 3:00,3.2,3.289119005,4.190446854
1/12/2024 4:00,5.4,3.770583153,4.081515789
1/12/2024 5:00,3.2,6.881247997,7.26268959
1/12/2024 6:00,5,2.673644304,3.48744154
1/12/2024 7:00,5.4,5.964198589,7.220923424
1/12/2024 8:00,4,6.214677334,6.301526546
1/12/2024 9:00,3.2,3.813746691,4.087377548
1/12/2024 10:00,2.9,3.425355911,3.44687748
1/12/2024 11:00,2.9,3.09370327,3.285656452
1/12/2024 12:00,2.9,3.242177486,3.057294846
1/12/2024 13:00,2.5,3.230532646,2.935184479
1/12/2024 14:00,0.4,2.781816721,2.554938316
1/12/2024 15:00,2.5,0.499693155,1.251924515
1/12/2024 16:00,1.1,4.197135448,3.372663975
1/12/2024 17:00,3.2,0.989838839,2.067759037
1/12/2024 18:00,1.8,4.517224312,3.276963711
1/12/2024 19:00,4.3,1.472406864,2.25238657
1/12/2024 20:00,3.2,5.920284271,4.327293873
1/12/2024 21:00,2.5,3.107883453,3.118761063
1/12/2024 22:00,1.8,2.078826427,2.241315365
1/12/2024 23:00,4,1.653064966,1.9340868
1/13/2024 0:00,5,5.098544121,4.237710953
1/13/2024 1:00,3.6,5.528330326,4.8676157
1/13/2024 2:00,4.7,2.818753958,3.198485374
1/13/2024 3:00,6.5,5.653354645,4.684257984
1/13/2024 4:00,4.3,7.997742653,6.716341972
1/13/2024 5:00,3.2,3.323845863,3.71551919
1/13/2024 6:00,2.5,2.530552149,2.9847188
1/13/2024 7:00,3.2,2.157305002,2.720686436
1/13/2024 8:00,0.7,3.518556833,3.263221264
1/13/2024 9:00,1.8,0.275120676,1.24570322
1/13/2024 10:00,3.2,2.457241774,2.360665321
1/13/2024 11:00,2.5,4.544598579,3.790343285
1/13/2024 12:00,2.2,2.225867987,2.22310257
1/13/2024 13:00,2.2,2.12746954,2.224980831
1/13/2024 14:00,3.6,2.420090914,2.401304245
1/13/2024 15:00,5,4.820397377,3.735548258
1/13/2024 16:00,6.5,6.225455284,5.182474136
1/13/2024 17:00,7.2,7.453440189,6.446122646
1/13/2024 18:00,8.6,7.800632,6.907558918
1/13/2024 19:00,7.2,9.655852318,8.643612862
1/13/2024 20:00,7.2,6.350952625,6.203110695
1/13/2024 21:00,7.2,6.84458828,6.264694214
1/13/2024 22:00,10.4,7.095592976,7.115146637
1/13/2024 23:00,5.4,12.54098034,11.30575371
1/14/2024 0:00,5.4,3.266539812,4.301746368
1/14/2024 1:00,5.4,5.138893127,4.768602848
1/14/2024 2:00,4.7,5.679819584,5.519737244
1/14/2024 3:00,3.6,4.110961437,4.183718681
1/14/2024 4:00,4.3,2.965795994,3.404892445
1/14/2024 5:00,3.2,4.553236008,4.376608372
1/14/2024 6:00,4.3,2.852038383,2.924968719
1/14/2024 7:00,5.8,4.656721592,4.476119041
1/14/2024 8:00,4.7,6.819185257,6.010602951
1/14/2024 9:00,2.9,4.331097126,4.030497551
1/14/2024 10:00,1.1,2.488873959,2.614965439
1/14/2024 11:00,5.4,0.889025867,1.519602299
1/14/2024 12:00,9.4,8.140717506,7.354466915
1/14/2024 13:00,9.7,12.56641006,10.97016621
1/14/2024 14:00,11.2,9.720606804,9.005916595
1/14/2024 15:00,14,12.56335735,11.84602356
1/14/2024 16:00,18.4,16.24671745,15.59967804
1/14/2024 17:00,13.3,20.99424934,18.89382362
1/14/2024 18:00,7.2,10.24454212,10.04174709
1/14/2024 19:00,4.3,4.568524361,5.410182953
1/14/2024 20:00,5,3.718013287,4.306227684
1/14/2024 21:00,6.5,5.456219673,5.12473774
1/14/2024 22:00,5.4,7.172338009,6.049913883
1/14/2024 23:00,4,4.405524254,4.843362808
1/15/2024 0:00,4.7,3.035215855,3.785974503
1/15/2024 1:00,5,5.291974545,4.725898266
1/15/2024 2:00,4.3,4.96288681,4.769958019
1/15/2024 3:00,5,3.735678673,4.011234283
1/15/2024 4:00,4.7,5.298668861,4.985531807
1/15/2024 5:00,3.6,4.783669949,4.401128292
1/15/2024 6:00,2.9,3.289026499,3.366168022
1/15/2024 7:00,2.5,2.571849823,2.89513588
1/15/2024 8:00,1.1,2.413925648,2.651640415
1/15/2024 9:00,1.1,0.921082556,1.537620068
1/15/2024 10:00,0.7,1.476267934,1.777979851
1/15/2024 11:00,0.4,1.106338978,1.270014763
1/15/2024 12:00,3.2,0.570758224,1.028530598
1/15/2024 13:00,2.5,5.361368179,5.723810673
1/15/2024 14:00,4.3,2.703941584,2.681125641
1/15/2024 15:00,4.3,5.861023903,5.871676445
1/15/2024 16:00,5.4,4.576749325,4.820382118
1/15/2024 17:00,5.4,5.830230713,5.504997253
1/15/2024 18:00,6.1,5.259216785,5.255561352
1/15/2024 19:00,5.4,6.084495068,5.724455833
1/15/2024 20:00,1.8,4.833285809,4.751461029
1/15/2024 21:00,2.5,0.627608061,2.143576622
1/15/2024 22:00,3.2,2.940972328,2.857397079
1/15/2024 23:00,4.7,3.770466566,3.784568787
1/16/2024 0:00,3.6,5.337145805,4.254621983
1/16/2024 1:00,4.3,2.957809448,3.223620415
1/16/2024 2:00,2.9,4.40001297,4.149268627
1/16/2024 3:00,3.6,2.449493408,2.801907539
1/16/2024 4:00,3.2,3.778470039,3.553483009
1/16/2024 5:00,3.2,3.279397964,3.107897758
1/16/2024 6:00,2.5,3.403666019,3.061643839
1/16/2024 7:00,1.4,2.328312397,2.406308174
1/16/2024 8:00,0.7,0.848228216,1.624204159
1/16/2024 9:00,0.7,0.530757606,1.179737091
1/16/2024 10:00,2.2,0.942557693,1.16408205
1/16/2024 11:00,4,3.476212025,2.675657034
1/16/2024 12:00,3.6,5.657235622,4.608233929
1/16/2024 13:00,1.8,3.644614458,3.215890646
1/16/2024 14:00,2.2,1.480849266,1.677307844
1/16/2024 15:00,2.5,2.533826351,2.861067772
1/16/2024 16:00,4,2.655484438,2.965112686
1/16/2024 17:00,3.2,4.822845936,4.580186367
1/16/2024 18:00,2.2,2.780873537,2.960651875
1/16/2024 19:00,2.2,1.640610933,2.135666847
1/16/2024 20:00,2.9,2.214174747,2.466858864
1/16/2024 21:00,1.8,3.391401291,3.155846834
1/16/2024 22:00,2.2,1.512293339,1.993456841
1/16/2024 23:00,2.9,2.174552679,2.30452919
1/17/2024 0:00,3.6,3.204525471,3.177031517
1/17/2024 1:00,4.3,3.905208349,3.391918421
1/17/2024 2:00,1.1,4.655187607,4.086847782
1/17/2024 3:00,1.8,0.073141456,1.759085417
1/17/2024 4:00,2.2,2.045899391,2.067999125
1/17/2024 5:00,2.9,2.581777811,2.48500061
1/17/2024 6:00,3.2,3.261768341,2.689863443
1/17/2024 7:00,3.2,3.306202173,3.09645319
1/17/2024 8:00,4.7,3.217313528,3.009876966
1/17/2024 9:00,5.8,6.055173874,4.819861412
1/17/2024 10:00,5.8,6.802620888,5.996796131
1/17/2024 11:00,7.2,5.774754047,5.37677145
1/17/2024 12:00,2.2,8.481415749,7.437273979
1/17/2024 13:00,2.2,0.869912505,2.580619812
1/17/2024 14:00,1.1,2.244700432,2.584877253
1/17/2024 15:00,4.3,1.208593488,1.867448807
1/17/2024 16:00,6.8,6.693881035,4.690855503
1/17/2024 17:00,7.9,9.482124329,7.188383579
1/17/2024 18:00,5,8.314685822,7.378297329
1/17/2024 19:00,7.2,3.903963089,4.273273945
1/17/2024 20:00,7.6,8.837762833,7.059930325
1/17/2024 21:00,5.4,7.827084064,7.153997421
1/17/2024 22:00,4,4.285374641,4.582780361
1/17/2024 23:00,1.8,3.372752905,3.706130505
1/18/2024 0:00,1.1,1.274897099,2.435656548
1/18/2024 1:00,2.5,1.052474976,1.90871191
1/18/2024 2:00,0.4,3.193708897,3.009046078
1/18/2024 3:00,3.2,-0.23731336,1.592099905
1/18/2024 4:00,3.2,5.480653763,3.931615353
1/18/2024 5:00,3.6,3.295284986,3.04966712
1/18/2024 6:00,4,3.715518713,3.40709281
1/18/2024 7:00,5.4,4.226342678,3.977136612
1/18/2024 8:00,5.4,6.310421944,5.520288944
1/18/2024 9:00,3.2,5.48213625,5.154577255
1/18/2024 10:00,4.7,2.377773523,3.053882122
1/18/2024 11:00,6.5,5.825435638,5.517508984
1/18/2024 12:00,6.8,8.076465607,7.298698902
1/18/2024 13:00,6.1,6.729184151,6.583791733
1/18/2024 14:00,4.7,5.81359005,5.800328255
1/18/2024 15:00,4.7,4.410227776,4.175323963
1/18/2024 16:00,4.7,4.811257362,4.461185932
1/18/2024 17:00,4.7,4.429646969,4.484671593
1/18/2024 18:00,4.7,4.476353168,4.227372646
1/18/2024 19:00,4,4.694327831,4.334745407
1/18/2024 20:00,6.8,3.468995333,3.558822155
1/18/2024 21:00,8.3,9.295537949,7.221205711
1/18/2024 22:00,7.2,9.908582687,8.376234055
1/18/2024 23:00,4.3,6.186942101,6.075434685
1/19/2024 0:00,6.1,3.137428284,3.586237192
1/19/2024 1:00,5.4,7.630208969,6.11521244
1/19/2024 2:00,4.7,5.117519855,4.944836617
1/19/2024 3:00,5.8,4.071312428,4.247702122
1/19/2024 4:00,6.1,6.30748415,5.748325825
1/19/2024 5:00,5.4,6.200267315,5.700885773
1/19/2024 6:00,4,5.104465008,4.956892967
1/19/2024 7:00,3.6,3.293271303,3.664090633
1/19/2024 8:00,4.7,3.385326862,3.61785841
1/19/2024 9:00,4,5.424824238,5.135705471
1/19/2024 10:00,5,3.622341156,3.627865791
1/19/2024 11:00,5,5.446408749,5.803538322
1/19/2024 12:00,4.3,4.774187088,5.176848888
1/19/2024 13:00,3.2,3.951556921,4.452019215
1/19/2024 14:00,2.5,2.967437983,3.277445793
1/19/2024 15:00,2.9,2.468349218,2.684744358
1/19/2024 16:00,2.9,3.181715012,3.207176685
1/19/2024 17:00,2.5,2.687545061,2.887202501
1/19/2024 18:00,3.2,2.160813093,2.427663326
1/19/2024 19:00,3.2,3.681958914,3.436527729
1/19/2024 20:00,2.9,3.273097277,3.212927341
1/19/2024 21:00,3.6,2.720291376,2.719226837
1/19/2024 22:00,2.2,3.874341011,3.70357132
1/19/2024 23:00,4,1.837649584,2.461911678
1/20/2024 0:00,4,5.304702282,4.217880249
1/20/2024 1:00,0.4,3.868046522,3.914160967
1/20/2024 2:00,2.5,-0.486462146,2.177181244
1/20/2024 3:00,0.7,4.643244743,3.146696329
1/20/2024 4:00,5,0.489918888,1.945126057
1/20/2024 5:00,3.6,8.962080002,4.911775589
1/20/2024 6:00,7.6,3.347933292,3.320649385
1/20/2024 7:00,5.4,12.20727062,6.647385597
1/20/2024 8:00,4,4.676800251,4.623431683
1/20/2024 9:00,0,3.005755424,3.501154184
1/20/2024 10:00,2.9,-0.45082134,2.310247898
1/20/2024 11:00,4.3,5.918745995,3.575221062
1/20/2024 12:00,7.9,6.659572601,4.213212013
1/20/2024 13:00,8.3,12.11269855,6.825622082
1/20/2024 14:00,5.8,9.316982269,7.250990391
1/20/2024 15:00,4.3,4.60615778,4.999365807
1/20/2024 16:00,5.8,3.700486898,4.031410217
1/20/2024 17:00,6.8,6.342427731,5.592026234
1/20/2024 18:00,10.8,6.884755135,6.272406578
1/20/2024 19:00,11.9,11.92628479,9.306394577
1/20/2024 20:00,6.8,11.8592453,11.35977459
1/20/2024 21:00,9.4,4.500190735,4.96186161
1/20/2024 22:00,11.5,9.900571823,7.938870907
1/20/2024 23:00,7.9,12.17971325,10.15663528
1/21/2024 0:00,11.5,6.085118294,6.223966599
1/21/2024 1:00,9.4,10.97698021,9.060186386
1/21/2024 2:00,5.8,8.096050262,7.831325531
1/21/2024 3:00,6.8,4.501583576,5.00289917
1/21/2024 4:00,10.4,7.277601719,6.436876297
1/21/2024 5:00,9.7,11.40278149,8.620834351
1/21/2024 6:00,7.9,9.087465286,8.029275894
1/21/2024 7:00,8.6,6.785051346,7.035500526
1/21/2024 8:00,7.9,8.726924896,7.912237644
1/21/2024 9:00,8.3,7.227042198,7.21869278
1/21/2024 10:00,11.2,8.574232101,7.937831402
1/21/2024 11:00,11.2,13.10083961,10.38739491
1/21/2024 12:00,12.6,11.01809406,11.00026989
1/21/2024 13:00,15.8,12.96847439,13.25604916
1/21/2024 14:00,15.8,17.0929718,16.53499794
1/21/2024 15:00,14.4,15.87663174,15.27637386
1/21/2024 16:00,10.8,13.16332436,14.35445118
1/21/2024 17:00,10.4,8.896366119,9.598953247
1/21/2024 18:00,12.2,10.27882481,9.40495491
1/21/2024 19:00,10.4,12.41333675,11.03921127
1/21/2024 20:00,9,9.020513535,8.691104889
1/21/2024 21:00,8.6,7.801960468,7.795674324
1/21/2024 22:00,4.3,8.161911011,7.765584946
1/21/2024 23:00,6.5,3.263088226,4.75502491
1/22/2024 0:00,3.6,7.386602879,6.274421215
1/22/2024 1:00,1.4,2.969542742,4.10815382
1/22/2024 2:00,3.2,1.0224998,3.175497532
1/22/2024 3:00,5.4,4.807781696,3.639977455
1/22/2024 4:00,7.2,6.96953249,4.818281174
1/22/2024 5:00,9,8.430609703,6.154754162
1/22/2024 6:00,10.1,9.656824112,7.736525536
1/22/2024 7:00,9,10.85175896,8.983748436
1/22/2024 8:00,10.1,8.385034561,8.219358444
1/22/2024 9:00,7.9,10.49200821,10.20829487
1/22/2024 10:00,6.8,7.164564133,6.982110977
1/22/2024 11:00,9.4,6.496557236,6.661350727
1/22/2024 12:00,7.6,11.25981617,9.860694885
1/22/2024 13:00,11.2,6.742070675,7.139757156
1/22/2024 14:00,11.5,12.64569378,11.32310963
1/22/2024 15:00,15.8,11.70101166,11.11227226
1/22/2024 16:00,14.4,16.0014267,13.58355427
1/22/2024 17:00,10.8,12.65420151,12.17114067
1/22/2024 18:00,1.4,8.372865677,8.785152435
1/22/2024 19:00,3.6,0.088919997,4.12579155
1/22/2024 20:00,5,4.544427395,3.938484192
1/22/2024 21:00,4.3,5.949876308,5.092118263
1/22/2024 22:00,7.2,3.776759148,3.757898331
1/22/2024 23:00,10.4,8.592941284,6.669302464
1/23/2024 0:00,7.2,11.2818079,8.935429573
1/23/2024 1:00,7.2,5.341243267,6.03092289
1/23/2024 2:00,7.2,6.665722847,6.685477734
1/23/2024 3:00,6.5,7.177611351,6.488252163
1/23/2024 4:00,7.6,6.243023396,5.941058159
1/23/2024 5:00,5.8,8.196598053,7.035089016
1/23/2024 6:00,4.7,4.931527615,5.179413795
1/23/2024 7:00,1.8,4.044188023,4.486473083
1/23/2024 8:00,1.4,1.254876614,2.900706291
1/23/2024 9:00,3.2,1.55245924,2.364577532
1/23/2024 10:00,4.7,4.659710884,4.127471924
1/23/2024 11:00,8.3,5.711736202,4.963205338
1/23/2024 12:00,13.3,10.7149992,9.99199295
1/23/2024 13:00,16.9,15.89445114,16.32452011
1/23/2024 14:00,21.6,18.10032272,17.17271423
1/23/2024 15:00,23,22.0736351,19.545784
1/23/2024 16:00,24.5,22.39123344,21.12229538
1/23/2024 17:00,21.2,23.45485687,21.38645935
1/23/2024 18:00,15.8,18.29965591,18.37795448
1/23/2024 19:00,15.1,12.65831375,12.9191761
1/23/2024 20:00,14,13.84120369,13.59972763
1/23/2024 21:00,13,12.98051071,13.25178337
1/23/2024 22:00,10.4,11.94127178,11.54158401
1/23/2024 23:00,9.4,8.927218437,9.396589279
1/24/2024 0:00,9,8.346590996,8.575870514
1/24/2024 1:00,8.3,8.409682274,8.316965103
1/24/2024 2:00,6.8,7.55104351,7.518044472
1/24/2024 3:00,6.5,5.852696896,5.936171055
1/24/2024 4:00,6.5,5.911176205,5.917867184
1/24/2024 5:00,7.6,6.083539963,5.927251339
1/24/2024 6:00,5,8.341363907,7.386919975
1/24/2024 7:00,4.3,3.827309608,4.061328411
1/24/2024 8:00,3.6,3.835764885,4.06840086
1/24/2024 9:00,2.2,3.568112135,3.352395535
1/24/2024 10:00,3.6,2.078548431,2.380029202
1/24/2024 11:00,3.2,4.794361115,4.382823944
1/24/2024 12:00,2.2,3.163183451,3.030398369
1/24/2024 13:00,1.4,2.04622364,2.553431749
1/24/2024 14:00,2.2,1.475686789,2.082865477
1/24/2024 15:00,4,2.997987747,3.312086344
1/24/2024 16:00,5,5.438601494,5.476597309
1/24/2024 17:00,5,5.519774437,5.554108143
1/24/2024 18:00,6.1,5.042448521,4.980996132
1/24/2024 19:00,8.3,6.920149803,6.967020035
1/24/2024 20:00,9.7,10.03088856,9.715586662
1/24/2024 21:00,9.7,10.67980385,8.584690094
1/24/2024 22:00,10.4,9.239347458,8.246394157
1/24/2024 23:00,8.3,10.87290096,10.03580475
1/25/2024 0:00,6.5,7.108443737,6.61974287
1/25/2024 1:00,4,5.28394556,4.711931705
1/25/2024 2:00,2.9,3.245725155,3.394597054
1/25/2024 3:00,2.5,2.795024872,2.642138243
1/25/2024 4:00,1.1,2.43487215,2.459470034
1/25/2024 5:00,0.4,0.805085301,1.806685925
1/25/2024 6:00,0.7,0.512260973,1.343289375
1/25/2024 7:00,2.9,1.170677543,1.319691181
1/25/2024 8:00,1.8,4.521312714,3.598572969
1/25/2024 9:00,1.4,1.647009969,1.798141956
1/25/2024 10:00,3.2,1.497190714,1.598512411
1/25/2024 11:00,7.6,4.828593254,3.493008375
1/25/2024 12:00,10.1,10.97054958,8.248989105
1/25/2024 13:00,11.5,12.64438152,10.10709953
1/25/2024 14:00,8.6,12.74765205,11.96168041
1/25/2024 15:00,7.2,7.305077076,7.423607826
1/25/2024 16:00,11.9,6.52233696,6.797636509
1/25/2024 17:00,15.5,13.50086021,12.69155121
1/25/2024 18:00,13.7,16.5712738,15.5594635
1/25/2024 19:00,8.6,11.91833019,11.31863213
1/25/2024 20:00,5.4,6.500607967,7.068655014
1/25/2024 21:00,7.9,4.357673168,4.979711056
1/25/2024 22:00,7.6,9.333976746,7.699636459
1/25/2024 23:00,6.8,7.143959045,6.835040569
1/26/2024 0:00,7.6,5.733869076,5.860638618
1/26/2024 1:00,7.6,7.733751297,7.194333076
1/26/2024 2:00,6.5,7.398673534,6.904733181
1/26/2024 3:00,7.9,5.579151154,5.829020977
1/26/2024 4:00,8.3,8.360883713,7.551940441
1/26/2024 5:00,8.3,8.259597778,7.614144325
1/26/2024 6:00,6.5,8.198318481,7.715180874
1/26/2024 7:00,5.8,5.640552044,5.830668449
1/26/2024 8:00,5,5.453344822,5.519803047
1/26/2024 9:00,6.1,4.824895382,4.755545616
1/26/2024 10:00,8.3,6.940598011,6.459771156
1/26/2024 11:00,10.4,10.38479233,8.965465546
1/26/2024 12:00,12.2,12.55204868,11.70986176
1/26/2024 13:00,12.6,14.12235546,13.81669807
1/26/2024 14:00,12.6,13.02466583,13.25551033
1/26/2024 15:00,14,12.76284885,12.61769295
1/26/2024 16:00,13.3,14.71072102,14.35474682
1/26/2024 17:00,11.5,12.43765163,12.16079903
1/26/2024 18:00,10.4,10.09584904,9.513727188
1/26/2024 19:00,9,9.580154419,9.254079819
1/26/2024 20:00,6.1,8.088222504,7.956956863
1/26/2024 21:00,2.2,4.872313023,5.16663456
1/26/2024 22:00,0.7,1.334404945,3.557076693
1/26/2024 23:00,0.4,0.858741283,2.619959593
1/27/2024 0:00,3.6,1.011563182,2.307023048
1/27/2024 1:00,4.3,5.125107288,4.745433807
1/27/2024 2:00,3.6,4.616150379,4.105572224
1/27/2024 3:00,3.2,3.13833189,3.445415974
1/27/2024 4:00,4.7,3.270908356,3.142583132
1/27/2024 5:00,5.4,5.660425186,4.845734119
1/27/2024 6:00,5.4,5.679588318,5.241550446
1/27/2024 7:00,6.1,5.176103115,5.200381756
1/27/2024 8:00,5.4,6.449652195,6.155275822
1/27/2024 9:00,4.3,5.189122677,4.958706379
1/27/2024 10:00,4.3,4.028158188,4.057107925
1/27/2024 11:00,5.4,4.209162712,4.643503189
1/27/2024 12:00,7.2,6.16980648,6.272814751
1/27/2024 13:00,9.7,9.132078171,8.461088181
1/27/2024 14:00,11.2,12.25432968,11.49308205
1/27/2024 15:00,11.2,12.55828094,11.95163345
1/27/2024 16:00,10.8,10.93495083,9.943918228
1/27/2024 17:00,9.7,9.836169243,9.787109375
1/27/2024 18:00,9.4,8.533756256,8.827587128
1/27/2024 19:00,9,8.505642891,8.101430893
1/27/2024 20:00,7.6,8.092206955,8.3881464
1/27/2024 21:00,7.2,6.581192493,6.421378136
1/27/2024 22:00,5.4,6.684338093,6.439157009
1/27/2024 23:00,4.7,4.626187801,4.717619419
1/28/2024 0:00,3.6,4.199831009,3.936760187
1/28/2024 1:00,4.3,3.262235165,3.282459021
1/28/2024 2:00,3.6,4.655820847,4.491685867
1/28/2024 3:00,3.2,3.516587019,3.276487589
1/28/2024 4:00,4.7,3.070497751,2.843990564
1/28/2024 5:00,5.4,5.857291222,5.546219826
1/28/2024 6:00,5.4,5.866265774,5.597066879
1/28/2024 7:00,6.1,5.342697144,5.137149811
1/28/2024 8:00,5.4,6.324734211,6.349644661
1/28/2024 9:00,4.3,4.994989872,4.764052868
1/28/2024 10:00,4.3,4.077160358,3.837700605
1/28/2024 11:00,5.4,4.467127323,4.51664114
1/28/2024 12:00,7.2,6.299282074,6.252317905
1/28/2024 13:00,9.7,9.168291092,8.415747643
1/28/2024 14:00,11.2,12.45232391,11.6485405
1/28/2024 15:00,11.2,12.6776638,12.16972065
1/28/2024 16:00,10.8,11.01705837,9.855524063
1/28/2024 17:00,9.7,9.993086815,9.866971016
1/28/2024 18:00,9.4,8.766245842,8.922801971
1/28/2024 19:00,9,8.938175201,8.081762314
1/28/2024 20:00,7.6,8.501363754,8.399085999
1/28/2024 21:00,7.2,6.716724396,6.474509716
1/28/2024 22:00,5.4,6.660048962,6.449528217
1/28/2024 23:00,4.7,4.491191387,4.752674103
1/29/2024 0:00,5.4,4.31218338,4.222019196
1/29/2024 1:00,6.5,5.575248241,5.705691338
1/29/2024 2:00,5.8,6.595911026,6.791287422
1/29/2024 3:00,5.8,5.192775726,5.138576508
1/29/2024 4:00,6.1,5.570926666,5.546463013
1/29/2024 5:00,6.5,6.197708607,6.138046741
1/29/2024 6:00,6.5,6.605106354,6.464920044
1/29/2024 7:00,6.5,6.327814102,6.271661758
1/29/2024 8:00,5.8,6.332607269,6.301454067
1/29/2024 9:00,5.4,5.576997757,5.126056671
1/29/2024 10:00,5.8,5.461009979,5.108950615
1/29/2024 11:00,7.6,6.17991209,6.171075344
1/29/2024 12:00,8.3,9.181771278,9.138473511
1/29/2024 13:00,7.9,8.966246605,8.749624252
1/29/2024 14:00,7.9,7.800107956,7.674469948
1/29/2024 15:00,7.2,8.106676102,7.758528233
1/29/2024 16:00,6.8,6.951450825,6.837553024
1/29/2024 17:00,7.2,6.455255508,6.186333179
1/29/2024 18:00,8.6,7.190673351,7.233856201
1/29/2024 19:00,9,8.942555428,9.163341522
1/29/2024 20:00,7.9,8.741528511,8.26260376
1/29/2024 21:00,6.8,6.796248436,6.541661739
1/29/2024 22:00,5.8,6.046191692,5.98733902
1/29/2024 23:00,6.1,5.416779995,5.436188698
1/30/2024 0:00,5.4,6.200388432,6.054868698
1/30/2024 1:00,5.4,5.079608917,5.112597466
1/30/2024 2:00,4.3,5.254297733,5.132333279
1/30/2024 3:00,4.3,3.869583845,4.153339386
1/30/2024 4:00,4.7,4.233862877,4.130346298
1/30/2024 5:00,5.4,4.832032204,4.876799583
1/30/2024 6:00,5,5.652826309,5.527436733
1/30/2024 7:00,3.6,4.71359539,4.639365196
1/30/2024 8:00,3.2,3.174224138,3.098875523
1/30/2024 9:00,4,3.43670249,3.351595402
1/30/2024 10:00,5.4,4.818455219,4.553578377
1/30/2024 11:00,6.5,6.579867363,6.108037949
1/30/2024 12:00,5.4,7.427060127,7.110713959
1/30/2024 13:00,5.8,4.785451412,4.706132412
1/30/2024 14:00,5.4,6.054631233,6.242224693
1/30/2024 15:00,5.4,5.469769478,5.603420258
1/30/2024 16:00,4.7,5.591374397,5.343475819
1/30/2024 17:00,3.2,4.838090897,4.470646381
1/30/2024 18:00,3.2,3.192524433,3.473344564
1/30/2024 19:00,2.9,3.390072107,3.489845753
1/30/2024 20:00,1.4,2.793651104,3.35284853
1/30/2024 21:00,2.5,1.174692631,2.732053995
1/30/2024 22:00,4.3,3.370676517,3.29709053
1/30/2024 23:00,3.6,5.857277393,4.929261684
1/31/2024 0:00,6.5,3.381088257,3.571491003
1/31/2024 1:00,4.7,7.508877754,6.790542126
1/31/2024 2:00,5.4,3.814092398,4.528104782
1/31/2024 3:00,5.8,5.243231773,4.993744373
1/31/2024 4:00,5.4,6.049743176,5.699147701
1/31/2024 5:00,5.8,4.964625359,5.038377762
1/31/2024 6:00,7.2,6.071671009,5.635047436
1/31/2024 7:00,6.1,8.303266525,7.242824078
1/31/2024 8:00,7.6,5.617231846,5.670434475
1/31/2024 9:00,5.4,8.426210403,7.595865726
1/31/2024 10:00,5.8,4.762563705,5.133373737
1/31/2024 11:00,7.6,6.175692081,5.749485016
1/31/2024 12:00,7.2,9.709521294,7.944675922
1/31/2024 13:00,7.9,6.868112564,6.627510548
1/31/2024 14:00,9.4,8.617512703,7.908698082
1/31/2024 15:00,10.8,10.83945751,9.755041122
1/31/2024 16:00,10.1,11.74638844,11.03393364
1/31/2024 17:00,9.4,9.030992508,9.50472641
1/31/2024 18:00,9,8.430904388,8.805499077
1/31/2024 19:00,12.2,8.37848568,8.479755402
1/31/2024 20:00,11.9,13.62834358,12.13674736
1/31/2024 21:00,8.3,11.0449276,11.01137733
1/31/2024 22:00,4.3,6.453499317,7.151371479
1/31/2024 23:00,1.4,3.344909906,5.106571674
2/1/2024 0:00,3.6,1.719581842,4.106062889
2/1/2024 1:00,4.7,4.677565575,4.498729229
2/1/2024 2:00,4.3,4.893221855,4.667899609
2/1/2024 3:00,6.1,3.674575567,4.133008003
2/1/2024 4:00,5.4,7.97066164,6.325771809
2/1/2024 5:00,6.5,5.052043438,5.037110806
2/1/2024 6:00,2.2,7.323517323,6.420639992
2/1/2024 7:00,5.8,1.512763977,3.89694047
2/1/2024 8:00,4.7,7.805715561,6.574987888
2/1/2024 9:00,6.8,4.661868095,4.677611351
2/1/2024 10:00,9.4,7.99610424,6.850456715
2/1/2024 11:00,9.7,12.52696705,9.403513908
2/1/2024 12:00,13,9.461076736,9.292631149
2/1/2024 13:00,8.3,16.33602142,13.24550152
2/1/2024 14:00,10.1,6.565999031,6.886315346
2/1/2024 15:00,9,11.33354187,9.47218132
2/1/2024 16:00,10.4,8.853447914,8.672297478
2/1/2024 17:00,9.7,10.52848816,9.399681091
2/1/2024 18:00,10.1,9.17209053,8.846652985
2/1/2024 19:00,10.8,9.68819809,9.234707832
2/1/2024 20:00,10.4,10.80489922,10.06899929
2/1/2024 21:00,11.2,9.218524933,9.485433578
2/1/2024 22:00,12.2,10.56594658,10.50008583
2/1/2024 23:00,15.5,11.67793751,11.57191849
2/2/2024 0:00,14.8,15.48093224,14.5697155
2/2/2024 1:00,20.5,13.67196751,13.91965294
2/2/2024 2:00,22.7,21.44787216,18.54376602
2/2/2024 3:00,24.5,23.32808113,22.63355637
2/2/2024 4:00,23,24.74483681,23.82416534
2/2/2024 5:00,21.6,22.10295677,21.58442307
2/2/2024 6:00,20.9,20.28977394,20.77197838
2/2/2024 7:00,19.4,20.46304321,20.4571743
2/2/2024 8:00,20.2,18.14155769,18.3269043
2/2/2024 9:00,22.7,20.70305824,19.20875931
2/2/2024 10:00,28.1,24.55845833,21.77451706
2/2/2024 11:00,31.7,30.54281998,25.94202042
2/2/2024 12:00,32.4,33.41745377,29.97595024
2/2/2024 13:00,33.5,32.77222061,29.39307404
2/2/2024 14:00,33.1,34.21944809,30.46516991
2/2/2024 15:00,34.2,32.80679703,31.51794243
2/2/2024 16:00,35.6,33.96216202,31.5680027
2/2/2024 17:00,34.9,35.66725159,33.07824707
2/2/2024 18:00,32,34.23449326,32.24611282
2/2/2024 19:00,32.4,29.06555367,28.87822723
2/2/2024 20:00,31.3,32.05611038,30.95099258
2/2/2024 21:00,28.8,30.23267555,29.7326355
2/2/2024 22:00,30.2,25.92076683,25.85009384
2/2/2024 23:00,28.4,30.73368454,28.86079025
2/3/2024 0:00,26.3,26.66939354,26.72415543
2/3/2024 1:00,26.3,24.01290321,23.58840561
2/3/2024 2:00,25.9,25.86523438,25.49666214
2/3/2024 3:00,25.6,24.8161068,25.11975098
2/3/2024 4:00,23.8,24.85207558,24.6207962
2/3/2024 5:00,23.8,21.54452705,21.97870636
2/3/2024 6:00,22.3,23.258955,23.27873611
2/3/2024 7:00,18.7,20.59766388,21.00606155
2/3/2024 8:00,19.1,16.34665108,14.65782547
2/3/2024 9:00,17.6,18.92918205,18.01119232
2/3/2024 10:00,19.8,16.47631645,17.12728691
2/3/2024 11:00,17.6,21.71483994,19.44832611
2/3/2024 12:00,18.7,15.87179661,16.19742203
2/3/2024 13:00,16.2,19.02931976,18.60142517
2/3/2024 14:00,15.5,14.33455372,14.89045334
2/3/2024 15:00,14.8,14.21232605,15.13624954
2/3/2024 16:00,14.8,13.80631828,14.53823185
2/3/2024 17:00,14.4,13.92932224,14.87754059
2/3/2024 18:00,11.9,13.5808239,14.39113045
2/3/2024 19:00,11.5,10.32901001,11.41563988
2/3/2024 20:00,11.2,10.68587494,11.23405743
2/3/2024 21:00,10.4,10.69380093,10.56884384
2/3/2024 22:00,6.5,9.664614677,9.328976631
2/3/2024 23:00,3.6,5.123121262,5.951020241
2/4/2024 0:00,1.1,2.995498657,4.381399155
2/4/2024 1:00,2.9,0.963609934,3.534394503
2/4/2024 2:00,2.5,4.032392025,3.89269352
2/4/2024 3:00,2.5,2.762788534,3.025044918
2/4/2024 4:00,4.3,2.568296194,2.811519146
2/4/2024 5:00,4.3,5.948389053,4.736908436
2/4/2024 6:00,5.8,4.30674839,4.034970284
2/4/2024 7:00,6.5,7.046470642,5.947772026
2/4/2024 8:00,7.6,7.114209652,6.455686569
2/4/2024 9:00,9,8.49072361,7.670928478
2/4/2024 10:00,12.2,10.50861263,9.68025589
2/4/2024 11:00,14.4,15.46844101,14.3869009
2/4/2024 12:00,14.8,16.79980469,16.06908417
2/4/2024 13:00,15.5,14.72844696,14.60396862
2/4/2024 14:00,16.6,15.86474895,15.24185944
2/4/2024 15:00,18.7,17.44441986,16.82713318
2/4/2024 16:00,20.5,20.47533607,17.43971062
2/4/2024 17:00,21.6,21.67541122,19.47386551
2/4/2024 18:00,19.1,21.89377213,20.98283768
2/4/2024 19:00,18,16.6462326,16.34283829
2/4/2024 20:00,17.6,16.38646507,16.30098724
2/4/2024 21:00,16.9,16.90691566,17.45475769
2/4/2024 22:00,14.8,15.75356102,15.59261227
2/4/2024 23:00,11.5,13.11798668,12.7415781
2/5/2024 0:00,9.7,9.832286835,9.053661346
2/5/2024 1:00,7.9,8.666234016,8.290735245
2/5/2024 2:00,6.8,7.177493095,6.726964951
2/5/2024 3:00,7.9,6.303046703,5.729710579
2/5/2024 4:00,7.9,8.53539753,8.398012161
2/5/2024 5:00,7.6,7.866127014,7.484724522
2/5/2024 6:00,7.9,7.385918617,7.05602932
2/5/2024 7:00,6.8,8.124879837,7.83246994
2/5/2024 8:00,6.1,6.382021904,5.740235329
2/5/2024 9:00,5,5.951489925,5.453029633
2/5/2024 10:00,5,4.860946178,4.398445129
2/5/2024 11:00,4,5.182082653,5.222794056
2/5/2024 12:00,3.2,3.849695921,3.938113451
2/5/2024 13:00,4.3,3.128624678,3.358331203
2/5/2024 14:00,7.2,5.212059498,5.600303173
2/5/2024 15:00,7.6,9.761074066,9.668982506
2/5/2024 16:00,7.2,7.923304558,7.426804066
2/5/2024 17:00,7.9,6.827167988,6.79515028
2/5/2024 18:00,7.2,8.375197411,8.436105728
2/5/2024 19:00,3.6,6.941819191,6.610322475
2/5/2024 20:00,3.6,2.774674416,4.089568615
2/5/2024 21:00,3.2,3.672605038,4.043532848
2/5/2024 22:00,4.3,3.232600927,3.923182011
2/5/2024 23:00,5.4,4.741908073,4.279417038
2/6/2024 0:00,4.7,5.991814613,5.525160313
2/6/2024 1:00,0.7,4.338107109,4.462730408
2/6/2024 2:00,5.4,-0.085244894,2.998906612
2/6/2024 3:00,4.3,8.920984268,6.865108013
2/6/2024 4:00,6.1,4.120592117,4.464830399
2/6/2024 5:00,4.7,7.116798401,5.656055927
2/6/2024 6:00,17.3,4.266554356,4.614931107
2/6/2024 7:00,14.4,24.551754,14.28207779
2/6/2024 8:00,4.7,12.94487,11.16577339
2/6/2024 9:00,5.8,1.407721519,5.420985222
2/6/2024 10:00,7.9,6.625154972,6.171349525
2/6/2024 11:00,7.9,9.411333084,7.937447548
2/6/2024 12:00,10.1,7.856672764,6.894962788
2/6/2024 13:00,11.9,11.76116657,9.764116287
2/6/2024 14:00,10.4,13.79186058,11.30045319
2/6/2024 15:00,8.6,9.510450363,9.313937187
2/6/2024 16:00,6.8,7.329987526,7.896765709
2/6/2024 17:00,10.8,5.902374744,6.320778847
2/6/2024 18:00,8.6,13.63804436,11.06149292
2/6/2024 19:00,8.6,7.509679794,7.452747345
2/6/2024 20:00,9.4,7.951850891,8.666667938
2/6/2024 21:00,8.6,9.782831192,9.512382507
2/6/2024 22:00,9,7.579231262,8.088435173
2/6/2024 23:00,7.6,8.641980171,9.486700058
2/7/2024 0:00,12.2,6.666471004,7.215623379
2/7/2024 1:00,12.2,15.89055443,14.91836357
2/7/2024 2:00,13.7,12.46050167,12.26293755
2/7/2024 3:00,14.4,14.64541149,13.57268715
2/7/2024 4:00,14.4,15.09375381,13.98045158
2/7/2024 5:00,10.8,13.96067238,13.10625076
2/7/2024 6:00,10.4,8.774477005,8.872097969
2/7/2024 7:00,10.8,9.449641228,9.317152977
2/7/2024 8:00,11.2,10.60572338,10.36439323
2/7/2024 9:00,13,11.35103226,10.18970585
2/7/2024 10:00,18,14.52071381,12.47101212
2/7/2024 11:00,22,22.46300316,17.99533844
2/7/2024 12:00,22,25.81134987,21.45219803
2/7/2024 13:00,22,21.57031059,19.97581482
2/7/2024 14:00,27,21.46895409,20.81373215
2/7/2024 15:00,29.5,30.39978027,27.26617622
2/7/2024 16:00,29.9,31.2052803,31.28198242
2/7/2024 17:00,27.4,29.54232407,30.14471817
2/7/2024 18:00,25.6,24.41557884,25.35945511
2/7/2024 19:00,22.3,23.43580818,23.22238731
2/7/2024 20:00,21.6,19.62118912,20.22505188
2/7/2024 21:00,17.3,20.2702446,20.44163132
2/7/2024 22:00,14.8,14.75300026,14.59429359
2/7/2024 23:00,11.2,12.85348415,12.10706234
2/8/2024 0:00,12.6,9.716068268,8.943809509
2/8/2024 1:00,14.8,12.83370304,12.51661396
2/8/2024 2:00,14.8,16.5012455,15.13418388
2/8/2024 3:00,14.8,14.33849144,13.57309246
2/8/2024 4:00,11.9,14.33839989,13.91419792
2/8/2024 5:00,9.7,9.701224327,9.565150261
2/8/2024 6:00,14.4,8.086636543,7.549137115
2/8/2024 7:00,17.6,17.3618412,16.42897415
2/8/2024 8:00,23,20.09991074,18.45336533
2/8/2024 9:00,25.9,27.78952408,25.16355515
2/8/2024 10:00,28.1,29.49565506,29.87871361
2/8/2024 11:00,29.5,30.28399849,30.96131134
2/8/2024 12:00,28.8,30.67169571,30.60787392
2/8/2024 13:00,28.8,27.92258453,28.10497856
2/8/2024 14:00,32.8,28.84591866,28.25621033
2/8/2024 15:00,33.8,34.71385956,34.0353775
2/8/2024 16:00,33.5,34.01234055,33.05327225
2/8/2024 17:00,31,32.18379211,29.1187439
2/8/2024 18:00,27.4,27.83132935,28.00421906
2/8/2024 19:00,24.1,23.63367271,24.34693527
2/8/2024 20:00,22.3,21.12160683,20.99755287
2/8/2024 21:00,20.9,20.38116455,20.56765175
2/8/2024 22:00,17.3,19.24134445,19.45122528
2/8/2024 23:00,17.3,14.91184235,13.89689636
2/9/2024 0:00,13.7,16.78410721,16.84892654
2/9/2024 1:00,11.2,11.98453712,11.51913548
2/9/2024 2:00,10.1,9.639057159,8.575057983
2/9/2024 3:00,9.4,9.387359619,8.995524406
2/9/2024 4:00,9,8.610526085,8.456197739
2/9/2024 5:00,8.3,8.473715782,8.308176041
2/9/2024 6:00,7.6,7.743287086,7.505679131
2/9/2024 7:00,6.8,7.156995296,6.938573837
2/9/2024 8:00,5.8,6.290625095,6.144539833
2/9/2024 9:00,4.7,5.769424915,5.07997036
2/9/2024 10:00,6.5,4.712643147,4.220813751
2/9/2024 11:00,9,7.962873936,8.336400986
2/9/2024 12:00,10.8,11.12189674,11.01912022
2/9/2024 13:00,14,12.43294907,11.8664341
2/9/2024 14:00,18.7,16.86143112,17.01346588
2/9/2024 15:00,23.8,22.35708618,23.65225029
2/9/2024 16:00,25.6,27.2391777,22.53475761
2/9/2024 17:00,26.3,26.29036903,25.94488907
2/9/2024 18:00,27.4,25.68889618,26.43382263
2/9/2024 19:00,25.9,27.08644867,23.39043427
2/9/2024 20:00,23.8,23.92144775,24.14248276
2/9/2024 21:00,22.3,21.4344635,22.09962845
2/9/2024 22:00,21.2,20.52129936,20.24309921
2/9/2024 23:00,22,19.84646225,20.50207901
2/10/2024 0:00,15.5,22.31106186,22.47187805
2/10/2024 1:00,14.8,12.59350967,11.13359642
2/10/2024 2:00,14.8,13.63355255,13.68493176
2/10/2024 3:00,15.1,14.73052788,15.15849781
2/10/2024 4:00,16.2,14.79758644,13.76522541
2/10/2024 5:00,18,17.00124359,16.05981827
2/10/2024 6:00,15.1,19.38523865,19.02438164
2/10/2024 7:00,13,12.92171574,12.22155285
2/10/2024 8:00,7.9,11.35185909,10.6113205
2/10/2024 9:00,9.7,6.341760635,6.051288605
2/10/2024 10:00,13,10.76893616,11.4459486
2/10/2024 11:00,14.4,15.99087715,14.49833584
2/10/2024 12:00,18.4,15.53455639,14.91269588
2/10/2024 13:00,21.6,22.39138031,21.84994316
2/10/2024 14:00,24.5,24.80741501,24.81425858
2/10/2024 15:00,25.6,26.62801933,26.05938339
2/10/2024 16:00,25.9,26.0190506,25.30571747
2/10/2024 17:00,25.2,25.32713509,25.60768127
2/10/2024 18:00,19.1,23.84934616,21.45718765
2/10/2024 19:00,13.7,15.33399963,13.79603386
2/10/2024 20:00,12.2,11.09337616,9.670186996
2/10/2024 21:00,11.9,11.19291401,12.09143353
2/10/2024 22:00,11.2,11.23583126,11.72074127
2/10/2024 23:00,10.4,10.03407001,9.440414429
2/11/2024 0:00,5.4,9.444769859,9.394079208
2/11/2024 1:00,6.8,3.959350109,5.295804024
2/11/2024 2:00,7.6,7.500816345,7.738392353
2/11/2024 3:00,8.3,8.279194832,8.286817551
2/11/2024 4:00,8.6,8.706003189,7.435251236
2/11/2024 5:00,8.6,8.941353798,8.111345291
2/11/2024 6:00,8.6,8.547117233,8.391391754
2/11/2024 7:00,7.9,8.476942062,8.297710419
2/11/2024 8:00,7.6,7.24152565,7.136804104
2/11/2024 9:00,7.2,7.462613583,7.29846859
2/11/2024 10:00,8.3,7.25301981,6.980893135
2/11/2024 11:00,10.1,9.299929619,9.205210686
2/11/2024 12:00,13.3,11.7917366,11.46590137
2/11/2024 13:00,14.8,16.47025299,15.72152138
2/11/2024 14:00,14.4,16.54978943,15.80092239
2/11/2024 15:00,14,14.02088261,13.37484932
2/11/2024 16:00,13.3,13.45220947,13.23286629
2/11/2024 17:00,12.6,12.71231556,13.16795254
2/11/2024 18:00,10.1,11.65647888,10.90250492
2/11/2024 19:00,7.9,8.633176804,8.223505974
2/11/2024 20:00,4.3,7.026759148,6.645494461
2/11/2024 21:00,1.8,3.344253778,4.930688858
2/11/2024 22:00,1.8,1.237608433,3.63988018
2/11/2024 23:00,3.2,1.955224872,3.37112236
2/12/2024 0:00,4.3,4.044369698,4.374183655
2/12/2024 1:00,3.2,5.479529381,4.667786121
2/12/2024 2:00,2.9,3.044722795,3.216703415
2/12/2024 3:00,3.2,3.051646709,3.043132782
2/12/2024 4:00,2.9,3.755708933,4.075629711
2/12/2024 5:00,2.9,2.97261858,2.922867775
2/12/2024 6:00,1.8,3.071824789,2.939037323
2/12/2024 7:00,1.8,1.455272913,2.463036537
2/12/2024 8:00,0.7,2.302796602,2.376309395
2/12/2024 9:00,0.7,1.14690423,1.929819107
2/12/2024 10:00,1.8,1.248072386,1.811420441
2/12/2024 11:00,2.9,2.872676849,3.035671234
2/12/2024 12:00,4.3,3.920820951,3.718920231
2/12/2024 13:00,5,5.56755209,5.047112465
2/12/2024 14:00,6.1,5.800356865,5.533425808
2/12/2024 15:00,6.8,7.02596426,6.573958397
2/12/2024 16:00,7.6,7.340418816,7.203296661
2/12/2024 17:00,7.9,8.080635071,7.970211029
2/12/2024 18:00,7.6,7.773025036,7.698698044
2/12/2024 19:00,7.9,7.124941349,7.011898994
2/12/2024 20:00,6.1,7.664691448,8.13300705
2/12/2024 21:00,3.6,5.041168213,5.168140411
2/12/2024 22:00,2.2,2.500868559,2.574316025
2/12/2024 23:00,4,1.752226949,2.478778839
2/13/2024 0:00,3.2,4.911538601,5.506950855
2/13/2024 1:00,4,3.110361814,3.20669651
2/13/2024 2:00,4.7,4.320804119,3.821907997
2/13/2024 3:00,4.3,4.969923019,5.445483208
2/13/2024 4:00,4.3,3.721906424,3.680179596
2/13/2024 5:00,2.9,4.137940407,3.777768612
2/13/2024 6:00,2.2,2.403259516,2.666043282
2/13/2024 7:00,1.1,2.015181541,1.983250618
2/13/2024 8:00,0.4,1.028103232,1.350772858
2/13/2024 9:00,0.7,0.832453907,0.91604805
2/13/2024 10:00,2.5,1.410806417,1.378925323
2/13/2024 11:00,4,3.727325916,3.709614277
2/13/2024 12:00,3.6,5.12215662,4.893862247
2/13/2024 13:00,2.5,3.696330309,2.961184025
2/13/2024 14:00,0.7,2.377436399,1.435303688
2/13/2024 15:00,1.1,0.529575706,0.911542892
2/13/2024 16:00,1.8,1.887599945,1.668365479
2/13/2024 17:00,3.2,2.939995289,2.584437847
2/13/2024 18:00,2.2,4.287497997,3.643164635
2/13/2024 19:00,3.2,1.930608273,1.748064995
2/13/2024 20:00,4,3.806988716,3.561727047
2/13/2024 21:00,4.3,4.693403244,5.324941635
2/13/2024 22:00,5.4,4.527175426,3.474193096
2/13/2024 23:00,4.3,6.18239069,5.507769585
2/14/2024 0:00,2.9,3.585639477,4.178375721
2/14/2024 1:00,4.7,2.339425087,2.114339352
2/14/2024 2:00,3.6,5.892751217,5.281072617
2/14/2024 3:00,3.6,2.908148766,3.555419445
2/14/2024 4:00,2.9,3.24037528,2.978731155
2/14/2024 5:00,2.5,2.531219244,2.638765335
2/14/2024 6:00,4,2.416407347,2.172008991
2/14/2024 7:00,2.5,4.966238499,4.179090977
2/14/2024 8:00,2.5,1.748525262,2.154541969
2/14/2024 9:00,1.8,2.817454338,2.154484749
2/14/2024 10:00,0.7,1.883702993,1.654797077
2/14/2024 11:00,1.4,0.209071249,0.531937599
2/14/2024 12:00,2.5,2.018877745,1.581017017
2/14/2024 13:00,2.2,3.391422749,2.772542
2/14/2024 14:00,4,2.472829103,1.717098236
2/14/2024 15:00,4.7,5.421513081,4.544932842
2/14/2024 16:00,3.6,5.296512604,5.152683735
2/14/2024 17:00,1.8,3.222640753,2.660271645
2/14/2024 18:00,0.4,1.241949081,0.793312073
2/14/2024 19:00,0.7,0.265882492,0.384684563
2/14/2024 20:00,3.6,1.34329915,1.037101746
2/14/2024 21:00,4.7,5.759795189,5.098749161
2/14/2024 22:00,6.8,5.668271065,5.057416916
2/14/2024 23:00,5.4,8.377441406,6.505925179
2/15/2024 0:00,4.3,4.572329521,4.675480366
2/15/2024 1:00,2.5,3.527200699,2.845353603
2/15/2024 2:00,1.1,1.796272755,1.850862503
2/15/2024 3:00,0.7,0.880313158,0.730239868
2/15/2024 4:00,3.6,0.853090882,0.660611153
2/15/2024 5:00,5.4,5.514723778,5.14994812
2/15/2024 6:00,2.9,6.774416447,6.312247276
2/15/2024 7:00,4.7,1.481048822,1.51789093
2/15/2024 8:00,1.8,5.627398491,5.192005157
2/15/2024 9:00,4.7,1.00045526,1.833624363
2/15/2024 10:00,2.9,6.786024094,4.900529861
2/15/2024 11:00,5.4,2.533078909,2.55632019
2/15/2024 12:00,5,6.937308788,5.303490639
2/15/2024 13:00,5.8,5.109217167,4.649305344
2/15/2024 14:00,2.9,6.105499268,5.32628727
2/15/2024 15:00,2.5,1.795767426,2.057873249
2/15/2024 16:00,2.2,2.101902246,2.261013031
2/15/2024 17:00,2.2,2.513084888,2.190909863
2/15/2024 18:00,1.4,2.45993042,1.956478596
2/15/2024 19:00,4.7,1.435440779,1.068394661
2/15/2024 20:00,5.4,7.071300507,6.31673336
2/15/2024 21:00,4.7,6.050351143,5.661331654
2/15/2024 22:00,3.6,4.240803719,3.717626572
2/15/2024 23:00,1.8,2.984183311,2.857480526
2/16/2024 0:00,2.9,1.025740504,1.330562115
2/16/2024 1:00,4,3.48400712,3.09450388
2/16/2024 2:00,5.4,4.585562229,4.363558769
2/16/2024 3:00,5.4,6.21241045,5.022121429
2/16/2024 4:00,5.4,5.316072941,4.846044064
2/16/2024 5:00,4.7,5.067384243,4.849952698
2/16/2024 6:00,3.6,4.205107212,4.105784893
2/16/2024 7:00,4.3,2.909322262,2.722388744
2/16/2024 8:00,3.6,4.572791576,4.391355515
2/16/2024 9:00,3.2,3.4994452,3.305233002
2/16/2024 10:00,5,3.125166178,2.455652237
2/16/2024 11:00,6.5,6.528648853,5.722715378
2/16/2024 12:00,5.4,7.556135178,7.116877079
2/16/2024 13:00,6.8,4.638524532,4.184943676
2/16/2024 14:00,9.7,7.700547218,7.079825401
2/16/2024 15:00,10.4,12.26165962,11.17563438
2/16/2024 16:00,12.2,10.99359417,9.756568909
2/16/2024 17:00,12.6,13.46501923,12.52967834
2/16/2024 18:00,11.5,12.55526543,12.79430771
2/16/2024 19:00,10.4,10.11073399,10.33711815
2/16/2024 20:00,8.6,9.067193985,9.247782707
2/16/2024 21:00,7.6,7.059718132,7.205491066
2/16/2024 22:00,6.5,6.638363838,6.444387913
2/16/2024 23:00,4.7,5.620253086,5.458730221
2/17/2024 0:00,4,3.73460722,3.424172401
2/17/2024 1:00,3.2,3.61189723,3.341434956
2/17/2024 2:00,4.3,2.920926571,2.646582127
2/17/2024 3:00,4,4.876218319,4.623344898
2/17/2024 4:00,2.5,3.792591333,3.645235062
2/17/2024 5:00,1.8,1.913710594,1.776796103
2/17/2024 6:00,0.4,1.676881909,1.468104839
2/17/2024 7:00,0.7,0.063846231,0.672268867
2/17/2024 8:00,0,0.952957273,1.053843498
2/17/2024 9:00,0.7,0.048608072,0.331650257
2/17/2024 10:00,0.4,1.293517709,1.234173775
2/17/2024 11:00,0.4,0.619103849,0.656686783
2/17/2024 12:00,1.1,0.625121653,0.681169033
2/17/2024 13:00,1.8,1.7845819,1.640198469
2/17/2024 14:00,2.5,2.498237371,2.205818653
2/17/2024 15:00,4.7,3.1824646,2.900393486
2/17/2024 16:00,5.8,6.747454643,6.844286919
2/17/2024 17:00,6.1,6.778468609,6.619688511
2/17/2024 18:00,5,6.220152855,5.283421516
2/17/2024 19:00,3.6,4.324727058,3.998037815
2/17/2024 20:00,4.3,2.781639099,2.751998186
2/17/2024 21:00,4,4.553508759,4.318510056
2/17/2024 22:00,1.4,3.741040945,3.807287455
2/17/2024 23:00,5.4,0.616186917,1.622608423
2/18/2024 0:00,8.6,8.214770317,6.294052601
2/18/2024 1:00,10.1,11.45471954,8.866461754
2/18/2024 2:00,11.2,10.77340221,8.416312218
2/18/2024 3:00,11.2,11.38074493,9.987071991
2/18/2024 4:00,10.8,10.43543434,10.07133102
2/18/2024 5:00,7.6,10.06456852,9.716900826
2/18/2024 6:00,7.2,5.838292122,6.276419163
2/18/2024 7:00,9.7,6.610878944,6.508274078
2/18/2024 8:00,8.6,11.78082085,9.440308571
2/18/2024 9:00,6.8,7.892729282,7.526047707
2/18/2024 10:00,7.6,5.682276726,6.08773613
2/18/2024 11:00,7.2,8.091255188,7.6885252
2/18/2024 12:00,6.8,6.988636971,6.628292084
2/18/2024 13:00,7.9,6.534198761,6.604442596
2/18/2024 14:00,8.3,8.781310081,8.549259186
2/18/2024 15:00,5.4,8.586742401,8.579006195
2/18/2024 16:00,6.5,4.221265793,5.169233799
2/18/2024 17:00,9.4,6.914054394,7.882828712
2/18/2024 18:00,9.7,11.53816223,10.59154701
2/18/2024 19:00,7.9,9.348674774,9.282180786
2/18/2024 20:00,5,6.398277283,7.219542503
2/18/2024 21:00,2.5,3.531852722,4.557963371
2/18/2024 22:00,0.4,1.855051875,2.763579845
2/18/2024 23:00,0.4,0.396399826,1.697558641
2/19/2024 0:00,3.2,0.911601543,1.283705473
2/19/2024 1:00,1.8,5.056227207,3.730926991
2/19/2024 2:00,1.8,1.553900838,1.869239807
2/19/2024 3:00,2.9,1.667188168,1.906023502
2/19/2024 4:00,2.9,3.839252949,2.966480732
2/19/2024 5:00,1.4,2.822393656,2.590687513
2/19/2024 6:00,1.1,1.093013525,1.407095432
2/19/2024 7:00,2.9,1.242105246,1.266221046
2/19/2024 8:00,3.6,4.239710808,3.190268993
2/19/2024 9:00,3.2,4.147954941,3.413213015
2/19/2024 10:00,2.9,2.901371956,3.017121315
2/19/2024 11:00,3.6,2.775617361,2.923471928
2/19/2024 12:00,4.7,4.305078506,3.966046095
2/19/2024 13:00,4.7,5.784706116,5.330418587
2/19/2024 14:00,4.7,4.684982777,4.702860832
2/19/2024 15:00,5,4.610100746,4.835956573
2/19/2024 16:00,5.8,5.252295971,5.244303226
2/19/2024 17:00,5,6.240907669,6.154346943
2/19/2024 18:00,4,4.341160297,4.184032917
2/19/2024 19:00,4.7,3.419091702,3.220855713
2/19/2024 20:00,2.5,5.139456272,4.857272625
2/19/2024 21:00,0,1.721443534,2.571964741
2/19/2024 22:00,0.4,-0.433315486,1.573846579
2/19/2024 23:00,0.7,0.852327704,1.405857801
2/20/2024 0:00,3.2,1.046589375,1.387300014
2/20/2024 1:00,3.6,4.387237549,3.302459478
2/20/2024 2:00,4,3.813565254,3.361055851
2/20/2024 3:00,2.5,4.067810535,3.623883963
2/20/2024 4:00,2.9,1.874319553,2.508449078
2/20/2024 5:00,4.3,2.8385818,2.961766005
2/20/2024 6:00,5,5.237049103,4.268865585
2/20/2024 7:00,3.6,5.302325726,4.71154356
2/20/2024 8:00,6.5,2.796839714,3.315576792
2/20/2024 9:00,4.7,8.249307632,6.653082371
2/20/2024 10:00,2.2,4.126900673,4.015755177
2/20/2024 11:00,2.9,1.479539752,2.727454185
2/20/2024 12:00,6.1,3.651632309,3.579141855
2/20/2024 13:00,6.5,8.310728073,6.67040062
2/20/2024 14:00,11.9,6.958348274,6.202030659
2/20/2024 15:00,16.2,14.15862465,10.24983788
2/20/2024 16:00,22.3,17.01488113,14.24269009
2/20/2024 17:00,24.5,22.903862,16.85840607
2/20/2024 18:00,24.1,24.03999138,19.53302765
2/20/2024 19:00,20.2,22.29904938,19.84760284
2/20/2024 20:00,15.8,17.15537643,16.70737457
2/20/2024 21:00,11.9,12.44413948,13.40936947
2/20/2024 22:00,8.6,9.694876671,10.39587688
2/20/2024 23:00,6.5,7.181879044,7.836607456
2/21/2024 0:00,11.2,5.810623646,6.186312675
2/21/2024 1:00,10.4,12.7731266,9.667180061
2/21/2024 2:00,8.6,9.337971687,8.813035011
2/21/2024 3:00,9.4,6.882730484,7.535473824
2/21/2024 4:00,8.3,9.787654877,8.526534081
2/21/2024 5:00,6.5,6.944002151,7.402356148
2/21/2024 6:00,7.2,5.480193615,5.910914898
2/21/2024 7:00,7.9,7.280212879,6.680700302
2/21/2024 8:00,11.2,8.192755699,7.167310715
2/21/2024 9:00,10.8,13.02880859,9.795204163
2/21/2024 10:00,10.4,10.36080742,9.890607834
2/21/2024 11:00,14,10.21500587,10.31772041
2/21/2024 12:00,15.1,15.92929935,14.0352869
2/21/2024 13:00,16.2,15.70153809,16.04302979
2/21/2024 14:00,18,17.15746689,17.1138649
2/21/2024 15:00,21.2,19.56001663,18.56401443
2/21/2024 16:00,24.5,22.80602264,21.76513672
2/21/2024 17:00,25.9,25.11445808,23.45921707
2/21/2024 18:00,24.5,24.77166367,24.12023544
2/21/2024 19:00,20.5,22.22602844,23.02508926
2/21/2024 20:00,19.4,17.19614029,17.82327271
2/21/2024 21:00,17.3,18.13655853,17.72683907
2/21/2024 22:00,11.9,15.30416965,16.88716316
2/21/2024 23:00,9.4,9.552700043,9.227184296
2/22/2024 0:00,11.2,8.143417358,7.932365417
2/22/2024 1:00,9,11.7149601,10.90444756
2/22/2024 2:00,9.7,7.829015732,8.117845535
2/22/2024 3:00,7.2,9.517045021,8.902381897
2/22/2024 4:00,6.5,5.935777664,6.78629303
2/22/2024 5:00,6.1,5.671029568,6.186300278
2/22/2024 6:00,6.5,5.830965042,5.553954124
2/22/2024 7:00,6.5,6.340263367,5.969538689
2/22/2024 8:00,7.2,6.210803509,5.826998234
2/22/2024 9:00,8.3,7.46212244,6.682906151
2/22/2024 10:00,8.6,9.363084793,7.843668938
2/22/2024 11:00,8.6,9.136458397,8.284865379
2/22/2024 12:00,8.3,8.668735504,8.418693542
2/22/2024 13:00,6.1,8.07095623,7.896953583
2/22/2024 14:00,6.1,5.232714176,4.531113625
2/22/2024 15:00,5,6.129413605,6.520425797
2/22/2024 16:00,5.8,4.828446865,5.151806355
2/22/2024 17:00,8.6,6.225048542,7.019908905
2/22/2024 18:00,9.7,10.50198555,10.6519413
2/22/2024 19:00,9,10.05106926,10.31291962
2/22/2024 20:00,10.8,7.72446394,8.623584747
2/22/2024 21:00,9,11.43303871,10.73766327
2/22/2024 22:00,8.6,7.479070187,7.581620216
2/22/2024 23:00,6.8,7.854576588,7.038136482
2/23/2024 0:00,7.6,5.979015827,5.834862709
2/23/2024 1:00,8.3,7.640328407,6.834366798
2/23/2024 2:00,8.6,8.694325447,7.79168129
2/23/2024 3:00,6.8,8.133590698,7.683909416
2/23/2024 4:00,7.9,5.641750336,5.826646805
2/23/2024 5:00,7.9,8.619722366,7.569797516
2/23/2024 6:00,6.5,7.848428726,7.33858633
2/23/2024 7:00,7.6,5.715045929,5.646847725
2/23/2024 8:00,7.9,8.387259483,7.346527576
2/23/2024 9:00,9.7,7.983129025,7.355189323
2/23/2024 10:00,10.4,11.04929161,9.511417389
2/23/2024 11:00,12.2,11.0202322,10.2275219
2/23/2024 12:00,11.2,13.54988861,12.98930073
2/23/2024 13:00,13.7,10.26851177,10.70406628
2/23/2024 14:00,12.2,15.69245052,15.29741287
2/23/2024 15:00,11.9,11.06497002,11.77031898
2/23/2024 16:00,10.1,11.35363388,12.68334579
2/23/2024 17:00,10.1,9.10403347,10.26462936
2/23/2024 18:00,10.1,9.770998001,10.29155922
2/23/2024 19:00,10.1,9.988365173,9.875510216
2/23/2024 20:00,8.3,9.406514168,9.348083496
2/23/2024 21:00,6.8,6.954144478,7.139584064
2/23/2024 22:00,6.1,5.672031403,5.860040188
2/23/2024 23:00,5.4,5.609063148,5.512894154
2/24/2024 0:00,5,4.921977997,4.843817234
2/24/2024 1:00,2.9,4.635134697,4.588285446
2/24/2024 2:00,1.8,2.276087284,3.00123024
2/24/2024 3:00,4.3,1.68913269,2.299528122
2/24/2024 4:00,5.4,6.290495872,5.336450577
2/24/2024 5:00,4.7,6.025216103,5.279892921
2/24/2024 6:00,4.3,4.064107895,4.263334274
2/24/2024 7:00,3.2,4.166692734,4.10142374
2/24/2024 8:00,3.2,2.792452097,2.973773241
2/24/2024 9:00,1.1,3.318596363,3.411335707
2/24/2024 10:00,2.9,0.814411402,2.019127369
2/24/2024 11:00,2.5,4.347763538,4.502221584
2/24/2024 12:00,2.5,2.757003546,2.952931643
2/24/2024 13:00,2.2,2.409934521,3.163538456
2/24/2024 14:00,2.2,2.207653999,2.709066868
2/24/2024 15:00,2.5,2.297601938,2.533789396
2/24/2024 16:00,3.6,3.03929162,2.839438677
2/24/2024 17:00,5.8,4.515906334,4.294671535
2/24/2024 18:00,5.8,7.395443439,7.068036079
2/24/2024 19:00,5.4,5.603741646,5.150950909
2/24/2024 20:00,4,4.63731575,4.417285919
2/24/2024 21:00,5.4,3.069336891,3.568984032
2/24/2024 22:00,7.2,5.995707512,5.567175388
2/24/2024 23:00,5.4,8.76752758,7.850008965
2/25/2024 0:00,5,4.264734268,4.439862728
2/25/2024 1:00,2.9,4.371626854,4.353115559
2/25/2024 2:00,1.8,2.242970705,3.186414242
2/25/2024 3:00,4.3,1.538268328,2.540097952
2/25/2024 4:00,5.4,6.018893242,4.971390724
2/25/2024 5:00,4.7,5.852161407,5.236736774
2/25/2024 6:00,4.3,4.152461529,4.216048717
2/25/2024 7:00,3.2,4.002381325,4.15045929
2/25/2024 8:00,3.2,2.652564764,3.174288988
2/25/2024 9:00,1.1,3.175814867,3.17486167
2/25/2024 10:00,2.9,0.752112329,1.684513569
2/25/2024 11:00,2.5,4.176454544,3.634689569
2/25/2024 12:00,2.5,2.67727828,2.542562723
2/25/2024 13:00,2.2,2.437141657,2.66105938
2/25/2024 14:00,2.2,2.247319937,2.433191061
2/25/2024 15:00,2.5,2.386671543,2.393375635
2/25/2024 16:00,3.6,3.080956936,2.774388075
2/25/2024 17:00,5.8,4.501141548,4.252093315
2/25/2024 18:00,5.8,7.362852097,7.466802597
2/25/2024 19:00,5.4,5.645291805,5.45562458
2/25/2024 20:00,4,4.817201614,4.804522514
2/25/2024 21:00,5.4,3.248836994,3.488675833
2/25/2024 22:00,7.2,6.19656229,5.737288952
2/25/2024 23:00,5.4,8.964431763,7.884456635
2/26/2024 0:00,4,4.407599449,4.155027866
2/26/2024 1:00,4.7,3.128480911,3.206824064
2/26/2024 2:00,7.6,5.092758656,4.785346985
2/26/2024 3:00,7.2,9.676351547,7.808758736
2/26/2024 4:00,5.4,6.4805336,6.252963066
2/26/2024 5:00,5.4,3.9839499,4.483073235
2/26/2024 6:00,4,5.101277828,5.123206139
2/26/2024 7:00,4.3,3.44563818,3.817435265
2/26/2024 8:00,2.2,4.156069756,4.232807159
2/26/2024 9:00,3.2,1.607469559,2.639608145
2/26/2024 10:00,4,3.769802809,3.536392927
2/26/2024 11:00,5.8,4.871085167,4.048293591
2/26/2024 12:00,9,6.942434788,5.777296543
2/26/2024 13:00,13.3,12.11446953,9.556200027
2/26/2024 14:00,18,17.43100548,14.55584621
2/26/2024 15:00,24.5,22.31679535,19.08782196
2/26/2024 16:00,28.4,28.07072067,23.99533272
2/26/2024 17:00,27.4,28.38535309,27.09617805
2/26/2024 18:00,28.4,24.94052505,24.84469032
2/26/2024 19:00,27.7,26.5441227,26.42940331
2/26/2024 20:00,24.8,25.82239342,26.35900116
2/26/2024 21:00,25.2,21.8652916,22.69028664
2/26/2024 22:00,20.9,24.71101379,24.07547188
2/26/2024 23:00,20.2,17.88232803,18.782444
2/27/2024 0:00,20.5,18.8013382,17.71736908
2/27/2024 1:00,22.3,20.09215355,19.48450279
2/27/2024 2:00,23,22.17656708,20.53873062
2/27/2024 3:00,23.8,22.86526489,21.68066788
2/27/2024 4:00,22.3,23.66275024,22.87780571
2/27/2024 5:00,23,20.86420631,20.60035706
2/27/2024 6:00,21.6,23.13918877,22.2141037
2/27/2024 7:00,19.4,20.22969437,20.43413544
2/27/2024 8:00,20.9,17.43341637,17.01147461
2/27/2024 9:00,23,21.60121155,20.94280243
2/27/2024 10:00,24.5,24.19678116,23.9217701
2/27/2024 11:00,21.6,25.49336815,25.80757523
2/27/2024 12:00,20.9,20.00046539,19.44594002
2/27/2024 13:00,20.2,20.77591705,18.98573303
2/27/2024 14:00,16.2,20.08725166,19.26156616
2/27/2024 15:00,14.8,14.1595602,14.59361935
2/27/2024 16:00,14.4,13.45293045,14.53833294
2/27/2024 17:00,17.3,13.37167263,14.15418625
2/27/2024 18:00,16.2,18.26412773,17.11702728
2/27/2024 19:00,13,14.457757,14.70372963
2/27/2024 20:00,10.1,10.28606796,10.92700005
2/27/2024 21:00,8.6,8.124677658,8.676596642
2/27/2024 22:00,6.8,7.315141201,7.539349556
2/27/2024 23:00,2.9,5.740607262,5.829241276
2/28/2024 0:00,4,1.960667014,3.385056973
2/28/2024 1:00,0.7,4.609337807,4.404242992
2/28/2024 2:00,1.1,0.437592745,2.134313107
2/28/2024 3:00,3.6,1.522535801,1.895224094
2/28/2024 4:00,4.7,5.397712708,4.12051487
2/28/2024 5:00,5.4,5.051103115,4.324472904
2/28/2024 6:00,5,5.695968628,5.204673767
2/28/2024 7:00,4,4.706373692,4.66459322
2/28/2024 8:00,2.5,3.798879147,3.635272503
2/28/2024 9:00,4.3,2.141453743,2.360003471
2/28/2024 10:00,6.8,5.493955135,5.496366024
2/28/2024 11:00,7.6,8.946018219,8.064491272
2/28/2024 12:00,5.8,8.312274933,7.671751022
2/28/2024 13:00,5,4.674025536,5.318615913
2/28/2024 14:00,3.6,4.305978775,4.835196018
2/28/2024 15:00,2.2,3.10968709,3.50893569
2/28/2024 16:00,3.2,1.899923325,2.485711575
2/28/2024 17:00,5.8,4.021651745,3.970299482
2/28/2024 18:00,7.2,7.609239578,7.141890526
2/28/2024 19:00,8.3,8.131853104,6.593708515
2/28/2024 20:00,6.8,8.568153381,7.60738802
2/28/2024 21:00,1.4,5.403675556,5.890656948
2/28/2024 22:00,4.7,-0.302706361,2.549035549
2/28/2024 23:00,5.4,6.493396759,5.913913727
2/29/2024 0:00,4,5.952324867,5.729990959
2/29/2024 1:00,0.7,3.163649082,3.525386095
2/29/2024 2:00,1.1,0.096042037,2.261882782
2/29/2024 3:00,3.6,1.524719596,2.07869339
2/29/2024 4:00,4.7,5.394961357,3.940575123
2/29/2024 5:00,5.4,5.044803143,4.366415501
2/29/2024 6:00,5,5.570737839,5.078537941
2/29/2024 7:00,4,4.873144627,4.619959831
2/29/2024 8:00,2.5,3.885337591,3.603064537
2/29/2024 9:00,4.3,2.402740955,2.425018311
2/29/2024 10:00,6.8,5.59954071,4.924488068
2/29/2024 11:00,7.6,8.891130447,7.520150661
2/29/2024 12:00,5.8,8.149617195,7.324367523
2/29/2024 13:00,5,4.765748501,5.180758953
2/29/2024 14:00,3.6,4.439301968,4.817539215
2/29/2024 15:00,2.2,3.105865717,3.459257126
2/29/2024 16:00,3.2,1.932134867,2.559230804
2/29/2024 17:00,5.8,4.078234673,3.967131615
2/29/2024 18:00,7.2,7.902761459,7.049618244
2/29/2024 19:00,8.3,8.296759605,6.859051228
2/29/2024 20:00,6.8,8.761770248,7.785513878
2/29/2024 21:00,1.4,5.774152756,5.880261421
2/29/2024 22:00,4.7,0.150734901,3.056269884
2/29/2024 23:00,5.4,6.723658562,5.868607521
3/1/2024 0:00,8.3,5.788592815,5.682917118
3/1/2024 1:00,9,10.1806097,7.446679115
3/1/2024 2:00,10.1,9.730880737,8.628594398
3/1/2024 3:00,11.9,10.85281467,9.513566971
3/1/2024 4:00,14,13.43986416,11.65182114
3/1/2024 5:00,13.3,15.20860672,13.85887718
3/1/2024 6:00,10.4,12.22401142,12.20689964
3/1/2024 7:00,9,8.694019318,8.831645966
3/1/2024 8:00,6.5,8.38048172,8.057721138
3/1/2024 9:00,8.6,5.947647095,5.537493706
3/1/2024 10:00,7.6,10.03999805,9.149630547
3/1/2024 11:00,7.2,7.034114361,6.812584877
3/1/2024 12:00,6.8,6.71588707,6.773593426
3/1/2024 13:00,7.6,6.575511932,6.507596493
3/1/2024 14:00,9.4,7.909989357,7.565173626
3/1/2024 15:00,13.3,11.10178185,9.943965912
3/1/2024 16:00,20.2,16.81805992,14.85988998
3/1/2024 17:00,24.1,25.21858215,21.91479874
3/1/2024 18:00,28.1,25.96670723,24.33499908
3/1/2024 19:00,31.3,28.81121635,26.90517426
3/1/2024 20:00,28.1,31.62755203,30.24990463
3/1/2024 21:00,27.7,25.35499382,24.34574127
3/1/2024 22:00,28.1,26.71022034,25.42815399
3/1/2024 23:00,26.3,27.90282631,27.03303146
3/2/2024 0:00,22.7,24.51413536,24.4992981
3/2/2024 1:00,26.3,20.33716965,20.23669624
3/2/2024 2:00,27.4,27.81131172,24.47223282
3/2/2024 3:00,24.1,28.23804474,26.29716492
3/2/2024 4:00,22,21.14148331,20.83088112
3/2/2024 5:00,21.2,19.9732399,19.55574036
3/2/2024 6:00,21.2,20.15011024,19.99328995
3/2/2024 7:00,20.2,20.97073936,20.16561508
3/2/2024 8:00,20.2,18.87202454,19.02645493
3/2/2024 9:00,23.8,19.75096703,19.60352707
3/2/2024 10:00,28.4,26.38211441,25.36572266
3/2/2024 11:00,29.2,30.87862778,30.09409332
3/2/2024 12:00,28.1,29.37817001,28.8135643
3/2/2024 13:00,29.2,27.60068512,27.45039749
3/2/2024 14:00,31,29.95106125,29.25109863
3/2/2024 15:00,33.5,32.32865906,32.17509079
3/2/2024 16:00,31.7,34.9928627,33.93979645
3/2/2024 17:00,31.7,30.21715927,30.07182312
3/2/2024 18:00,29.5,30.62705803,31.48420334
3/2/2024 19:00,28.4,27.04634476,28.25626373
3/2/2024 20:00,30.2,26.2770462,26.47035599
3/2/2024 21:00,27.7,29.8625927,29.97702789
3/2/2024 22:00,26.6,24.84881592,25.17754745
3/2/2024 23:00,25.6,24.66267014,23.38063812
3/3/2024 0:00,24.5,24.03600311,23.77174377
3/3/2024 1:00,23.8,22.58987427,22.31757355
3/3/2024 2:00,24.1,22.49991035,22.07805634
3/3/2024 3:00,27.4,23.42436218,23.52409363
3/3/2024 4:00,24.8,28.61306381,28.36716461
3/3/2024 5:00,22.7,22.25554276,20.7025528
3/3/2024 6:00,21.6,20.19202805,19.33736038
3/3/2024 7:00,22.3,20.22613525,21.07887268
3/3/2024 8:00,22.7,22.52204704,22.63859749
3/3/2024 9:00,25.6,23.23892021,23.04438972
3/3/2024 10:00,29.5,27.74777031,27.75398254
3/3/2024 11:00,32,32.29931259,33.04077911
3/3/2024 12:00,33.5,33.26154709,33.92518997
3/3/2024 13:00,34.2,34.20232391,34.23055649
3/3/2024 14:00,36.4,34.73781586,34.7240448
3/3/2024 15:00,37.4,37.49248123,38.49814987
3/3/2024 16:00,37.8,37.75377655,38.95914078
3/3/2024 17:00,35.3,37.29600906,37.80202484
3/3/2024 18:00,31.3,32.18509293,33.00316238
3/3/2024 19:00,27.4,27.05053329,27.49129486
3/3/2024 20:00,25.9,23.43425369,24.75249481
3/3/2024 21:00,22.3,23.49821472,25.49160004
3/3/2024 22:00,20.9,19.32248116,19.4928093
3/3/2024 23:00,19.8,18.51392555,18.55132484
3/4/2024 0:00,19.4,18.17332649,19.64580154
3/4/2024 1:00,17.3,18.29633904,18.18872452
3/4/2024 2:00,15.8,15.48537445,14.76947021
3/4/2024 3:00,15.1,14.10093307,14.24133396
3/4/2024 4:00,13.7,14.07370853,14.92522812
3/4/2024 5:00,12.2,12.37944984,12.40751076
3/4/2024 6:00,10.8,10.69719791,10.91438389
3/4/2024 7:00,9.4,9.431836128,9.842770576
3/4/2024 8:00,6.8,8.333102226,8.302774429
3/4/2024 9:00,10.4,5.716164589,4.575409889
3/4/2024 10:00,11.2,12.98603535,14.44612503
3/4/2024 11:00,11.9,11.98594475,11.87187767
3/4/2024 12:00,14,12.36688232,13.03963757
3/4/2024 13:00,15.5,16.0198555,14.93541527
3/4/2024 14:00,15.1,16.90764809,16.63269424
3/4/2024 15:00,16.6,14.82757854,14.51300049
3/4/2024 16:00,16.6,17.65816879,17.40001297
3/4/2024 17:00,16.6,16.42322159,16.96034622
3/4/2024 18:00,15.1,16.07021904,13.13283062
3/4/2024 19:00,12.2,13.4480381,12.87001801
3/4/2024 20:00,11.2,9.718764305,9.805351257
3/4/2024 21:00,10.8,10.00063515,9.224435806
3/4/2024 22:00,10.4,10.08043671,10.1007967
3/4/2024 23:00,8.6,9.627077103,9.17402935
3/5/2024 0:00,8.3,7.517204285,6.770754814
3/5/2024 1:00,6.8,7.954161167,7.579013348
3/5/2024 2:00,7.2,6.121068001,5.86370945
3/5/2024 3:00,7.6,7.109868526,6.692301273
3/5/2024 4:00,6.8,7.582475185,7.749762535
3/5/2024 5:00,7.2,6.104406357,5.556339741
3/5/2024 6:00,8.6,7.142045021,7.137088776
3/5/2024 7:00,6.8,9.238447189,9.793908119
3/5/2024 8:00,6.1,5.841919899,4.806280613
3/5/2024 9:00,5,5.810909271,5.050686359
3/5/2024 10:00,6.8,4.705352783,4.450306416
3/5/2024 11:00,6.5,8.109704018,8.07803154
3/5/2024 12:00,2.9,6.511237621,6.040800571
3/5/2024 13:00,4,1.78057766,2.279477119
3/5/2024 14:00,5,4.908578873,5.858040333
3/5/2024 15:00,5.8,5.965724468,6.66746664
3/5/2024 16:00,5,6.48825407,6.090667248
3/5/2024 17:00,5,5.064601421,4.376433372
3/5/2024 18:00,3.6,5.230063915,4.984548569
3/5/2024 19:00,4.7,3.373957872,3.007268429
3/5/2024 20:00,7.9,5.293647289,4.717393398
3/5/2024 21:00,8.3,9.982811928,10.0612011
3/5/2024 22:00,6.8,8.456547737,7.235809326
3/5/2024 23:00,5.4,5.701011181,4.539195061
3/6/2024 0:00,10.4,4.726872921,4.654884815
3/6/2024 1:00,10.1,13.62817574,12.7888031
3/6/2024 2:00,10.8,10.03662586,9.456994057
3/6/2024 3:00,11.2,10.8617239,8.824400902
3/6/2024 4:00,10.8,11.48585701,10.78878593
3/6/2024 5:00,10.8,10.34281635,9.880565643
3/6/2024 6:00,10.4,10.63945675,9.761491776
3/6/2024 7:00,9.4,9.627087593,9.522481918
3/6/2024 8:00,9.7,8.806926727,8.1431036
3/6/2024 9:00,13.7,9.998354912,9.257785797
3/6/2024 10:00,11.9,16.76333237,15.84665298
3/6/2024 11:00,11.5,10.35195351,9.943510056
3/6/2024 12:00,11.5,10.64074898,10.5226469
3/6/2024 13:00,12.6,11.51804638,11.10725689
3/6/2024 14:00,18,13.14277077,12.58321571
3/6/2024 15:00,23.8,21.63918304,21.62599182
3/6/2024 16:00,25.6,27.64210892,28.70958138
3/6/2024 17:00,27.7,27.00290489,25.2660141
3/6/2024 18:00,26.6,28.46995735,27.37083817
3/6/2024 19:00,27,25.12687683,25.28154945
3/6/2024 20:00,28.4,26.44312477,23.35282135
3/6/2024 21:00,29.9,28.46208954,26.86143112
3/6/2024 22:00,26.6,30.33905411,28.68131828
3/6/2024 23:00,24.8,23.92008591,22.0106163
3/7/2024 0:00,14.8,23.01989937,21.53669739
3/7/2024 1:00,20.2,11.1004324,11.01341057
3/7/2024 2:00,23.4,23.0577507,20.51701546
3/7/2024 3:00,20.2,26.22962189,23.63941574
3/7/2024 4:00,20.5,16.94586182,16.88317108
3/7/2024 5:00,20.5,20.38578415,18.79125977
3/7/2024 6:00,18.7,20.07238579,18.73425293
3/7/2024 7:00,22,16.96902084,16.63935471
3/7/2024 8:00,22.7,23.91257477,21.45944595
3/7/2024 9:00,24.1,23.40654564,21.52312469
3/7/2024 10:00,24.8,25.6616478,23.97455215
3/7/2024 11:00,25.2,25.65023804,24.6451416
3/7/2024 12:00,26.6,25.44414711,25.27148056
3/7/2024 13:00,27.7,28.15541077,27.67229462
3/7/2024 14:00,29.2,29.08744049,29.15722466
3/7/2024 15:00,28.4,30.63726425,30.94916916
3/7/2024 16:00,29.2,27.79512405,27.74103737
3/7/2024 17:00,31.7,29.50146866,29.5708046
3/7/2024 18:00,29.9,33.04255295,33.27198792
3/7/2024 19:00,26.6,27.72115517,26.48828125
3/7/2024 20:00,23.4,23.34501457,21.82595444
3/7/2024 21:00,20.2,20.24913025,20.48246574
3/7/2024 22:00,17.3,17.16501617,17.04349136
3/7/2024 23:00,15.8,14.45918083,14.13838863
3/8/2024 0:00,12.2,14.02799892,14.42130661
3/8/2024 1:00,10.4,10.45174313,9.534633636
3/8/2024 2:00,10.4,9.094708443,8.08738327
3/8/2024 3:00,10.1,9.892023087,10.45714855
3/8/2024 4:00,9.7,9.250085831,9.317464828
3/8/2024 5:00,8.6,8.952109337,8.634929657
3/8/2024 6:00,7.2,7.806080341,7.414098263
3/8/2024 7:00,6.5,6.277561188,5.715455055
3/8/2024 8:00,6.5,6.065396309,5.784358501
3/8/2024 9:00,8.3,6.479269981,6.530440331
3/8/2024 10:00,11.5,9.583948135,9.92980957
3/8/2024 11:00,18,13.96710396,14.48325253
3/8/2024 12:00,18.7,22.87062073,24.57394218
3/8/2024 13:00,18,19.95931244,18.43419456
3/8/2024 14:00,18.4,17.56335831,16.17114449
3/8/2024 15:00,18.7,18.87226295,18.37109375
3/8/2024 16:00,20.5,18.65865707,18.70297241
3/8/2024 17:00,19.8,21.54750252,19.76595306
3/8/2024 18:00,14.4,18.55452538,18.66915321
3/8/2024 19:00,10.4,11.06560516,9.874220848
3/8/2024 20:00,10.4,7.943892956,7.185567856
3/8/2024 21:00,8.3,9.873289108,11.26466751
3/8/2024 22:00,6.8,6.947432995,7.191650867
3/8/2024 23:00,7.6,5.440714359,5.25319767
3/9/2024 0:00,4.7,7.904203415,7.886474609
3/9/2024 1:00,3.6,3.774092436,4.605490685
3/9/2024 2:00,3.2,3.332892656,3.395752907
3/9/2024 3:00,4.3,3.217760563,3.313448906
3/9/2024 4:00,3.6,4.902826786,4.329455376
3/9/2024 5:00,2.2,3.417774916,3.218610764
3/9/2024 6:00,4.7,1.749150991,1.804507256
3/9/2024 7:00,5,6.359982967,6.017666817
3/9/2024 8:00,4.3,5.333890438,5.21657753
3/9/2024 9:00,5,4.062855721,3.912137985
3/9/2024 10:00,5.4,5.667934895,5.06931591
3/9/2024 11:00,2.5,5.945307255,5.650302887
3/9/2024 12:00,2.2,1.663665056,2.401170731
3/9/2024 13:00,4.7,2.38954854,2.683897972
3/9/2024 14:00,6.1,6.676791191,6.986938
3/9/2024 15:00,6.5,7.376699448,6.40629673
3/9/2024 16:00,6.8,6.837566376,6.116634369
3/9/2024 17:00,8.6,7.032612801,7.103245258
3/9/2024 18:00,9.4,9.903783798,9.389635086
3/9/2024 19:00,8.6,10.04827023,9.184900284
3/9/2024 20:00,7.9,7.841078758,7.170903206
3/9/2024 21:00,6.8,7.460794449,7.232694626
3/9/2024 22:00,4.3,6.317921638,6.506909847
3/9/2024 23:00,3.6,3.32155633,3.248854637
3/10/2024 0:00,2.5,3.324786186,3.346973419
3/10/2024 1:00,3.6,2.445539951,3.276740074
3/10/2024 2:00,6.1,4.516247272,3.798392296
3/10/2024 3:00,8.3,7.79148674,7.923413277
3/10/2024 4:00,7.9,9.757594109,9.608911514
3/10/2024 5:00,7.6,7.512202263,6.435909271
3/10/2024 6:00,6.5,7.150763512,6.549442768
3/10/2024 7:00,4.3,5.726133823,6.225841522
3/10/2024 8:00,2.2,3.452600956,2.715133667
3/10/2024 9:00,2.5,1.757396698,1.141533852
3/10/2024 10:00,4,2.940086603,3.08682251
3/10/2024 11:00,4,5.211080074,4.862737656
3/10/2024 12:00,4,4.296384335,3.559561729
3/10/2024 13:00,6.8,4.347537518,3.454159737
3/10/2024 14:00,7.6,9.064776421,9.515729904
3/10/2024 15:00,6.5,8.455663681,7.736894131
3/10/2024 16:00,6.1,6.082079411,4.617981911
3/10/2024 17:00,8.3,6.205371857,5.617274284
3/10/2024 18:00,12.2,9.892033577,10.15011406
3/10/2024 19:00,14.8,14.67831421,13.41583347
3/10/2024 20:00,13.7,16.35750198,15.23519802
3/10/2024 21:00,16.9,12.38749599,11.8306942
3/10/2024 22:00,13.7,18.66916275,18.1081028
3/10/2024 23:00,10.8,11.5452652,12.04896641
3/11/2024 0:00,11.9,8.670375824,7.283882141
3/11/2024 1:00,10.1,12.49057961,11.87419128
3/11/2024 2:00,10.4,9.055689812,9.271879196
3/11/2024 3:00,11.9,10.28537655,9.116765976
3/11/2024 4:00,11.9,12.80023098,11.53007317
3/11/2024 5:00,12.6,11.58064461,10.85162544
3/11/2024 6:00,12.2,13.07130814,11.71652222
3/11/2024 7:00,11.9,11.57256889,11.18858624
3/11/2024 8:00,10.4,11.50968933,10.84250736
3/11/2024 9:00,13.3,9.536679268,9.205560684
3/11/2024 10:00,11.5,15.43415642,14.04155922
3/11/2024 11:00,10.4,10.35354328,9.938592911
3/11/2024 12:00,12.2,9.460165024,9.684290886
3/11/2024 13:00,14,13.85470104,13.01097679
3/11/2024 14:00,20.5,15.52369118,14.63885117
3/11/2024 15:00,25.6,25.01898575,24.56603813
3/11/2024 16:00,25.2,29.37226677,30.68614388
3/11/2024 17:00,24.8,24.6461277,24.8727684
3/11/2024 18:00,25.2,23.82017899,23.37512779
3/11/2024 19:00,27.7,24.7884655,24.32291603
3/11/2024 20:00,22.7,28.61805725,26.05374146
3/11/2024 21:00,20.2,19.13742447,18.18075371
3/11/2024 22:00,16.9,17.35267448,16.52525139
3/11/2024 23:00,14.4,14.80213547,14.94894981
3/12/2024 0:00,12.2,12.56762791,12.10567188
3/12/2024 1:00,11.9,10.68317318,10.64970303
3/12/2024 2:00,12.6,11.20266914,10.90016365
3/12/2024 3:00,10.8,12.85297775,11.9099369
3/12/2024 4:00,11.9,9.482504845,9.29381752
3/12/2024 5:00,10.8,12.22790527,11.60353279
3/12/2024 6:00,10.4,9.940520287,9.708327293
3/12/2024 7:00,10.1,9.736798286,9.612174034
3/12/2024 8:00,7.9,9.79840374,9.384852409
3/12/2024 9:00,9.7,6.882880211,6.799181938
3/12/2024 10:00,8.6,10.9542284,10.5020113
3/12/2024 11:00,7.6,7.962348938,7.620436192
3/12/2024 12:00,7.9,7.037944794,7.525251389
3/12/2024 13:00,8.3,8.479366302,8.347448349
3/12/2024 14:00,9,8.697532654,8.640536308
3/12/2024 15:00,12.2,9.538899422,9.615519524
3/12/2024 16:00,14.4,14.86124516,15.20448494
3/12/2024 17:00,15.8,16.56334877,16.23895454
3/12/2024 18:00,18,16.55296898,15.51379013
3/12/2024 19:00,16.9,18.66997528,18.9155407
3/12/2024 20:00,14.8,15.28883362,15.49077225
3/12/2024 21:00,13.7,12.61459923,11.55219936
3/12/2024 22:00,12.6,12.23192978,12.2680645
3/12/2024 23:00,12.2,11.33934212,11.51872349
3/13/2024 0:00,9.7,11.64764118,10.84858513
3/13/2024 1:00,7.6,8.352791786,8.517889977
3/13/2024 2:00,9.7,6.496194839,6.856186867
3/13/2024 3:00,9.4,10.8644886,10.2180233
3/13/2024 4:00,9.7,8.9336586,9.015562057
3/13/2024 5:00,10.8,9.430587769,9.083393097
3/13/2024 6:00,9.4,11.45234013,10.48372078
3/13/2024 7:00,10.1,8.318517685,8.564146996
3/13/2024 8:00,8.3,10.35354233,9.874875069
3/13/2024 9:00,12.6,7.389560699,7.589794636
3/13/2024 10:00,13.3,15.58798885,13.63312054
3/13/2024 11:00,15.1,14.203866,12.65908909
3/13/2024 12:00,16.2,16.62834358,15.56223106
3/13/2024 13:00,15.8,17.79491234,17.03900909
3/13/2024 14:00,14.8,15.55797482,15.84056664
3/13/2024 15:00,13.7,14.15898991,14.46630573
3/13/2024 16:00,14.8,12.96240807,13.10919285
3/13/2024 17:00,15.8,15.76497459,15.80355263
3/13/2024 18:00,13.3,16.29068947,16.61891556
3/13/2024 19:00,11.2,11.30736065,11.15726948
3/13/2024 20:00,10.1,9.607496262,9.34399128
3/13/2024 21:00,8.3,9.303494453,9.479919434
3/13/2024 22:00,4.3,7.144255161,7.310095787
3/13/2024 23:00,6.5,3.088042974,5.087694168
3/14/2024 0:00,7.6,7.654081345,7.83839798
3/14/2024 1:00,7.9,8.426470757,8.084340096
3/14/2024 2:00,7.9,7.859811306,7.205080986
3/14/2024 3:00,11.9,7.669948578,7.569918156
3/14/2024 4:00,17.3,14.61580467,12.6673727
3/14/2024 5:00,19.1,20.95355797,18.2610569
3/14/2024 6:00,18.7,20.35248756,17.97307587
3/14/2024 7:00,19.4,18.14571381,17.57453346
3/14/2024 8:00,23,20.09003258,19.20761871
3/14/2024 9:00,28.1,25.92396164,24.64310455
3/14/2024 10:00,32.8,31.3584137,31.57190323
3/14/2024 11:00,30.2,35.55394363,35.68172455
3/14/2024 12:00,28.4,29.54600716,29.18643951
3/14/2024 13:00,30.2,28.03363037,26.69639206
3/14/2024 14:00,28.1,31.43603706,29.68074036
3/14/2024 15:00,24.1,26.47610092,25.63194275
3/14/2024 16:00,23.8,21.4186058,20.5970974
3/14/2024 17:00,23.8,23.26976204,21.7878952
3/14/2024 18:00,19.8,23.40266228,21.68657684
3/14/2024 19:00,14.4,16.85692978,17.3891716
3/14/2024 20:00,12.2,11.39891338,12.77501106
3/14/2024 21:00,10.8,10.62148285,11.04395676
3/14/2024 22:00,11.9,9.763864517,9.784946442
3/14/2024 23:00,14.4,12.09994507,11.35903072
3/15/2024 0:00,9.4,15.76595306,13.86134148
3/15/2024 1:00,7.6,7.233739853,8.662299156
3/15/2024 2:00,6.5,6.727720737,7.859130859
3/15/2024 3:00,9.4,6.169549465,6.873077869
3/15/2024 4:00,10.4,11.22651863,10.06979179
3/15/2024 5:00,10.1,11.11062241,10.10321236
3/15/2024 6:00,12.2,9.432397842,10.07032585
3/15/2024 7:00,13.3,14.02949619,13.54002285
3/15/2024 8:00,16.2,14.34568405,14.02327156
3/15/2024 9:00,17.6,18.79521942,18.28262138
3/15/2024 10:00,15.5,18.86678314,18.83797073
3/15/2024 11:00,16.6,14.11473656,14.269557
3/15/2024 12:00,16.9,17.81518555,17.02236557
3/15/2024 13:00,16.6,17.28021622,17.22906876
3/15/2024 14:00,15.5,16.10143089,14.2630043
3/15/2024 15:00,14,14.43637371,13.70496559
3/15/2024 16:00,14,12.88003159,12.50582218
3/15/2024 17:00,13,13.83940315,12.89710808
3/15/2024 18:00,9.7,11.97462463,11.9483633
3/15/2024 19:00,6.8,7.991374493,8.305589676
3/15/2024 20:00,5,5.74094677,6.589621067
3/15/2024 21:00,4.7,4.578047752,5.716331005
3/15/2024 22:00,5.4,4.789763927,5.326010704
3/15/2024 23:00,4.7,5.8195467,5.639870167
3/16/2024 0:00,8.3,4.39422226,4.80890274
3/16/2024 1:00,8.6,10.93960476,10.39082241
3/16/2024 2:00,9.7,9.00758934,8.479833603
3/16/2024 3:00,11.9,10.18013954,9.706456184
3/16/2024 4:00,11.9,13.71142387,12.62105179
3/16/2024 5:00,10.1,11.77568054,11.3984766
3/16/2024 6:00,9.7,9.133235931,9.21670723
3/16/2024 7:00,9,9.319067955,9.5854702
3/16/2024 8:00,8.3,8.766026497,8.891901016
3/16/2024 9:00,10.1,8.175701141,8.286287308
3/16/2024 10:00,12.6,11.34601116,11.9296875
3/16/2024 11:00,14.4,14.6846962,14.82268524
3/16/2024 12:00,14.8,16.0754776,13.9860878
3/16/2024 13:00,14.4,15.14353466,14.25059986
3/16/2024 14:00,13,13.92673779,13.95258141
3/16/2024 15:00,12.6,11.84768105,10.94935322
3/16/2024 16:00,16.2,12.06890774,11.64863396
3/16/2024 17:00,19.1,18.82971573,18.08866501
3/16/2024 18:00,18.7,21.02673912,19.20990372
3/16/2024 19:00,13,17.62937164,15.91841125
3/16/2024 20:00,7.6,9.988264084,10.09660435
3/16/2024 21:00,2.5,5.406235695,6.867888451
3/16/2024 22:00,4.7,1.703498125,5.422338963
3/16/2024 23:00,5.8,5.999696732,6.195365429
3/17/2024 0:00,2.9,6.565351963,6.107716084
3/17/2024 1:00,2.2,2.12026,4.683016777
3/17/2024 2:00,3.2,2.330163479,3.885385513
3/17/2024 3:00,5.8,4.228971958,4.079473019
3/17/2024 4:00,5,7.793998241,6.153211594
3/17/2024 5:00,3.2,4.554546356,4.864378929
3/17/2024 6:00,2.9,2.618572235,3.557899952
3/17/2024 7:00,1.1,3.140365839,3.527857304
3/17/2024 8:00,1.1,1.064902902,2.620960712
3/17/2024 9:00,3.2,1.790834785,2.599733353
3/17/2024 10:00,5.4,5.040486336,4.448018074
3/17/2024 11:00,8.6,7.165589333,6.101319313
3/17/2024 12:00,10.4,11.28506851,10.08415127
3/17/2024 13:00,11.2,12.07473183,11.86950207
3/17/2024 14:00,13,11.73768997,10.81273651
3/17/2024 15:00,15.5,14.25326157,13.8924036
3/17/2024 16:00,17.3,17.75335693,17.46500778
3/17/2024 17:00,17.6,18.58846092,15.32500076
3/17/2024 18:00,15.1,16.74258232,16.0412674
3/17/2024 19:00,12.6,12.4994421,13.06784153
3/17/2024 20:00,9.7,10.53339291,10.08775139
3/17/2024 21:00,6.8,8.001331329,8.410180092
3/17/2024 22:00,4.3,5.518567085,6.231271267
3/17/2024 23:00,3.6,3.519295931,4.804938316
3/18/2024 0:00,5.4,3.332324028,4.323344707
3/18/2024 1:00,7.2,6.460027695,6.119923115
3/18/2024 2:00,7.2,8.573159218,7.731127739
3/18/2024 3:00,6.5,7.002623558,6.597519875
3/18/2024 4:00,6.5,5.925040245,5.687542439
3/18/2024 5:00,6.1,6.369950294,6.452600956
3/18/2024 6:00,5.8,5.800221443,5.853540897
3/18/2024 7:00,5,5.398725033,5.465461731
3/18/2024 8:00,4.7,4.723201275,4.660713673
3/18/2024 9:00,6.8,4.884431839,4.740193844
3/18/2024 10:00,8.6,8.871442795,8.521324158
3/18/2024 11:00,7.2,10.15054989,9.8502388
3/18/2024 12:00,7.2,6.386404991,6.639471054
3/18/2024 13:00,12.2,7.255054474,7.042862892
3/18/2024 14:00,15.8,16.2947998,16.68534851
3/18/2024 15:00,21.2,19.13921356,17.00051117
3/18/2024 16:00,23.8,25.41880608,20.80690193
3/18/2024 17:00,16.6,25.48592567,23.8477211
3/18/2024 18:00,13,12.52079773,12.34776688
3/18/2024 19:00,12.6,10.7530098,10.31941223
3/18/2024 20:00,13.7,12.15939331,12.39122772
3/18/2024 21:00,12.2,13.90956116,12.666996
3/18/2024 22:00,11.9,10.73147011,10.92911816
3/18/2024 23:00,11.9,10.95944595,11.11683464
3/19/2024 0:00,9.7,11.69381046,11.25304985
3/19/2024 1:00,5.8,8.102668762,9.138896942
3/19/2024 2:00,2.9,4.365958214,7.409058571
3/19/2024 3:00,4.3,2.605172157,6.12870121
3/19/2024 4:00,4.7,5.582633972,6.013328075
3/19/2024 5:00,4,5.057351112,5.703230381
3/19/2024 6:00,2.5,3.533489466,5.248541832
3/19/2024 7:00,0.4,1.956756592,4.48940134
3/19/2024 8:00,3.6,0.328624427,3.72040844
3/19/2024 9:00,6.1,6.378612041,5.42449379
3/19/2024 10:00,9.7,8.476158142,6.585857391
3/19/2024 11:00,10.1,12.78747082,10.31192207
3/19/2024 12:00,8.6,10.81704521,10.15301991
3/19/2024 13:00,6.5,7.993650436,8.098080635
3/19/2024 14:00,5,6.176856518,6.259336472
3/19/2024 15:00,0.7,4.934421539,5.7020154
3/19/2024 16:00,6.8,0.812181592,5.061984539
3/19/2024 17:00,15.5,10.90615463,10.86247253
3/19/2024 18:00,17.6,20.54517746,18.45049286
3/19/2024 19:00,12.6,17.64215088,14.28595352
3/19/2024 20:00,7.2,8.737884521,10.05824471
3/19/2024 21:00,4.7,4.967042446,7.536755562
3/19/2024 22:00,4,4.542128563,6.337438583
3/19/2024 23:00,4.3,4.335321903,5.90457201
3/20/2024 0:00,4,4.495526314,5.746537209
3/20/2024 1:00,4.3,3.728606701,5.283917427
3/20/2024 2:00,3.6,4.569829941,5.191782951
3/20/2024 3:00,3.2,3.280176401,4.819774628
3/20/2024 4:00,2.2,2.755052805,4.45059967
3/20/2024 5:00,1.8,1.950617909,3.542124271
3/20/2024 6:00,1.1,2.003537893,3.11869812
3/20/2024 7:00,1.1,1.445503712,2.545906544
3/20/2024 8:00,1.8,1.766643167,2.271726608
3/20/2024 9:00,3.2,2.743282557,2.634536743
3/20/2024 10:00,4,4.458488941,3.757390499
3/20/2024 11:00,4.7,4.800330162,4.278427124
3/20/2024 12:00,4.7,5.371650696,4.844659328
3/20/2024 13:00,5,4.935378075,4.554392338
3/20/2024 14:00,6.5,5.352398872,5.051298618
3/20/2024 15:00,8.6,7.904418468,7.724555016
3/20/2024 16:00,10.4,10.6156311,10.28353882
3/20/2024 17:00,13.7,11.45739651,10.69454479
3/20/2024 18:00,17.6,15.45732021,16.65170097
3/20/2024 19:00,16.2,19.07337379,20.79738426
3/20/2024 20:00,9.4,14.13677979,11.8829565
3/20/2024 21:00,7.6,5.995874405,5.609348774
3/20/2024 22:00,7.2,6.354936123,7.045419693
3/20/2024 23:00,3.2,6.940788269,8.165712357
3/21/2024 0:00,6.1,2.023319244,4.766599178
3/21/2024 1:00,5.8,8.0210886,6.950744629
3/21/2024 2:00,5,5.712695599,6.018874168
3/21/2024 3:00,5.4,4.301042557,4.979772568
3/21/2024 4:00,7.2,5.561628342,5.580434322
3/21/2024 5:00,7.2,8.188817978,7.119483471
3/21/2024 6:00,5.4,7.127335548,6.776785374
3/21/2024 7:00,3.2,4.431137085,5.175494671
3/21/2024 8:00,0.7,2.563558817,3.797989845
3/21/2024 9:00,1.4,0.550743163,2.360948563
3/21/2024 10:00,4.7,2.36824894,2.583282948
3/21/2024 11:00,6.8,7.678153515,5.686044216
3/21/2024 12:00,9,8.672246933,7.110812664
3/21/2024 13:00,9.7,11.21165085,9.947416306
3/21/2024 14:00,9.7,10.42040253,10.15148258
3/21/2024 15:00,10.1,9.824302673,9.629230499
3/21/2024 16:00,14.8,10.70685863,10.42836952
3/21/2024 17:00,22.3,18.03535652,19.08491516
3/21/2024 18:00,24.8,25.42662239,25.26229477
3/21/2024 19:00,24.5,24.25995636,20.99716949
3/21/2024 20:00,19.8,22.98823547,21.08036041
3/21/2024 21:00,10.4,16.16567993,16.27846527
3/21/2024 22:00,5,6.92454052,7.237260818
3/21/2024 23:00,4.3,4.024223328,4.440134525
3/22/2024 0:00,2.2,4.585370541,4.646276474
3/22/2024 1:00,1.1,1.811795592,3.367568493
3/22/2024 2:00,1.8,1.108086467,2.581940651
3/22/2024 3:00,4,2.378337622,2.712168694
3/22/2024 4:00,3.2,5.652037621,4.326377869
3/22/2024 5:00,3.2,2.82601285,3.043357372
3/22/2024 6:00,4.3,3.198643684,3.005663872
3/22/2024 7:00,3.2,5.169964314,4.487187386
3/22/2024 8:00,3.2,3.136731625,2.715398312
3/22/2024 9:00,3.6,3.404257298,3.060879707
3/22/2024 10:00,2.5,4.222048759,3.602438927
3/22/2024 11:00,4.3,2.464119673,2.245342255
3/22/2024 12:00,5,5.817354679,5.391036987
3/22/2024 13:00,6.5,5.744726181,5.285581589
3/22/2024 14:00,9.7,7.663848877,7.316672802
3/22/2024 15:00,11.5,13.03865051,12.39972782
3/22/2024 16:00,15.1,13.3990345,12.78021145
3/22/2024 17:00,16.9,17.87287331,16.8106575
3/22/2024 18:00,19.4,17.00357819,17.97208786
3/22/2024 19:00,20.5,18.7910099,18.20491982
3/22/2024 20:00,15.8,19.25478554,19.45805359
3/22/2024 21:00,11.5,11.91016769,11.51542282
3/22/2024 22:00,9,8.727635384,7.484408379
3/22/2024 23:00,13.3,7.495326519,8.139520645
3/23/2024 0:00,19.1,16.01028633,14.10082054
3/23/2024 1:00,18.4,23.40804863,19.46899414
3/23/2024 2:00,16.9,16.91538048,15.4674015
3/23/2024 3:00,15.5,15.85962677,14.58961868
3/23/2024 4:00,17.3,14.85517979,14.02790356
3/23/2024 5:00,18.7,18.50124741,16.52025986
3/23/2024 6:00,20.2,19.64531136,17.94179535
3/23/2024 7:00,19.8,21.20429611,19.47337723
3/23/2024 8:00,18.7,19.31581116,19.20172119
3/23/2024 9:00,23.8,17.57967186,17.55496979
3/23/2024 10:00,27,27.10736084,26.18115997
3/23/2024 11:00,28.4,29.05326462,29.75728226
3/23/2024 12:00,32.4,28.76122284,30.63746452
3/23/2024 13:00,30.2,34.63219452,35.19478607
3/23/2024 14:00,37.8,29.71270561,27.83731079
3/23/2024 15:00,37.1,40.75268173,37.8896637
3/23/2024 16:00,36,36.59814835,36.81048584
3/23/2024 17:00,35.6,33.83073807,34.77323151
3/23/2024 18:00,33.8,33.90368271,33.93534088
3/23/2024 19:00,32,30.51145744,31.59230232
3/23/2024 20:00,29.5,29.00032806,29.37130928
3/23/2024 21:00,32,26.66596794,26.70735168
3/23/2024 22:00,32.8,32.58663177,29.62234688
3/23/2024 23:00,32,33.1645813,30.69325638
3/24/2024 0:00,40.3,30.52527809,28.67809677
3/24/2024 1:00,34.9,42.91398239,37.07494354
3/24/2024 2:00,36,30.74161911,28.7928524
3/24/2024 3:00,33.5,35.24926758,31.80887413
3/24/2024 4:00,34.9,31.74881172,31.17976189
3/24/2024 5:00,37.1,34.89034271,33.32725525
3/24/2024 6:00,35.6,38.27452469,37.00752258
3/24/2024 7:00,36.7,33.68058777,34.58985519
3/24/2024 8:00,36.4,37.70860672,36.7336731
3/24/2024 9:00,37.8,36.77356339,36.18667603
3/24/2024 10:00,38.9,38.62807846,38.71826935
3/24/2024 11:00,41,39.60914993,39.3923378
3/24/2024 12:00,41.8,42.10238266,42.25255585
3/24/2024 13:00,42.5,42.9632225,43.03014755
3/24/2024 14:00,44.6,43.16146088,43.14308167
3/24/2024 15:00,43.9,45.62709045,45.94068527
3/24/2024 16:00,45.4,42.69626236,43.46664429
3/24/2024 17:00,43.2,44.59766006,44.55373764
3/24/2024 18:00,40,39.71550751,41.3189888
3/24/2024 19:00,38.2,35.3150177,36.77491379
3/24/2024 20:00,35.3,34.77699661,37.43659592
3/24/2024 21:00,31.3,31.69550323,32.8783493
3/24/2024 22:00,28.8,28.00806427,26.32495117
3/24/2024 23:00,21.6,26.24794197,26.86879349
3/25/2024 0:00,15.1,18.22337914,16.46377563
3/25/2024 1:00,15.1,12.04082775,9.339996338
3/25/2024 2:00,13,14.42138672,15.64793682
3/25/2024 3:00,10.8,11.55007648,11.40220547
3/25/2024 4:00,11.2,9.116457939,8.684793472
3/25/2024 5:00,9.7,11.01851273,11.12390709
3/25/2024 6:00,9.4,8.708260536,8.428102493
3/25/2024 7:00,9.7,8.999508858,8.766448975
3/25/2024 8:00,10.1,9.610909462,9.511958122
3/25/2024 9:00,11.2,10.41800022,10.23077965
3/25/2024 10:00,12.6,12.28524494,12.02042007
3/25/2024 11:00,13,14.06723022,13.70265675
3/25/2024 12:00,14.4,13.68822289,13.05423164
3/25/2024 13:00,22,15.8237772,15.11940575
3/25/2024 14:00,30.6,28.21278191,29.98463058
3/25/2024 15:00,34.9,37.10017776,38.10564804
3/25/2024 16:00,34.2,37.40087509,32.36041641
3/25/2024 17:00,32.8,32.29605484,31.86242294
3/25/2024 18:00,31.3,29.98919678,31.91548538
3/25/2024 19:00,30.2,28.61218262,26.7743454
3/25/2024 20:00,27.7,27.69655228,29.22901917
3/25/2024 21:00,25.2,24.92300606,26.73047638
3/25/2024 22:00,23.8,22.82305145,21.17159081
3/25/2024 23:00,21.2,22.07234383,22.64493561
3/26/2024 0:00,18.7,18.98456383,19.41511917
3/26/2024 1:00,17.6,16.29096603,15.36260986
3/26/2024 2:00,16.6,16.08993721,16.45161629
3/26/2024 3:00,17.6,15.46592426,15.72832108
3/26/2024 4:00,16.6,17.92744827,17.95683861
3/26/2024 5:00,14.8,15.50555611,15.44377899
3/26/2024 6:00,14,13.19247341,12.55090523
3/26/2024 7:00,9.4,13.18644333,13.1754818
3/26/2024 8:00,9.4,7.578484058,5.943174362
3/26/2024 9:00,12.2,9.331741333,9.712799072
3/26/2024 10:00,15.5,14.54733467,13.98916245
3/26/2024 11:00,16.9,18.52092361,18.18817139
3/26/2024 12:00,17.6,18.7539463,18.12814331
3/26/2024 13:00,18.4,18.4368763,17.33525085
3/26/2024 14:00,19.4,19.43106651,18.21183395
3/26/2024 15:00,20.9,20.11283875,19.79572678
3/26/2024 16:00,20.2,22.05428886,21.4274292
3/26/2024 17:00,20.2,19.2377491,18.9770031
3/26/2024 18:00,20.5,19.22477722,18.2966938
3/26/2024 19:00,18,19.69676971,21.09506607
3/26/2024 20:00,16.9,15.2743721,14.58610058
3/26/2024 21:00,12.6,15.18917274,14.21016693
3/26/2024 22:00,10.8,10.19297791,10.9245739
3/26/2024 23:00,9,9.49012661,8.095064163
3/27/2024 0:00,5.4,8.352593422,7.959665298
3/27/2024 1:00,3.2,4.043591499,3.756057739
3/27/2024 2:00,1.8,2.647492886,1.972184181
3/27/2024 3:00,0.7,1.528344274,1.59528923
3/27/2024 4:00,0.7,0.51305151,0.314164162
3/27/2024 5:00,2.2,0.976038337,0.751471519
3/27/2024 6:00,3.2,3.374688625,3.569189072
3/27/2024 7:00,4.7,4.292728901,3.857975006
3/27/2024 8:00,5,6.015096188,5.758393764
3/27/2024 9:00,6.1,5.543167114,5.099410534
3/27/2024 10:00,6.5,6.966558456,6.740185261
3/27/2024 11:00,7.9,7.106515408,6.548605919
3/27/2024 12:00,10.8,9.237984657,8.638242722
3/27/2024 13:00,12.2,13.7210083,13.3478384
3/27/2024 14:00,13,13.77104759,13.12808037
3/27/2024 15:00,13.3,13.5912056,12.63832569
3/27/2024 16:00,15.5,13.55196571,13.41896152
3/27/2024 17:00,17.6,17.03787422,16.8421402
3/27/2024 18:00,22.3,18.75484276,17.99350166
3/27/2024 19:00,22.3,24.72967148,25.63095856
3/27/2024 20:00,19.1,21.08857536,20.93681335
3/27/2024 21:00,15.8,15.90569019,12.8738718
3/27/2024 22:00,11.9,12.90219021,13.23244286
3/27/2024 23:00,10.8,9.454512596,10.30558681
3/28/2024 0:00,6.8,9.782680511,8.886194229
3/28/2024 1:00,2.9,5.332170963,5.003278732
3/28/2024 2:00,1.8,1.536434174,2.158889771
3/28/2024 3:00,1.4,1.364023447,1.760342598
3/28/2024 4:00,3.6,1.207678437,1.460604668
3/28/2024 5:00,5.8,4.851947784,4.280195236
3/28/2024 6:00,5,7.195097923,6.915860653
3/28/2024 7:00,5.4,4.707705498,3.801133156
3/28/2024 8:00,5,5.828329563,5.120907784
3/28/2024 9:00,5.4,5.049771786,4.970375061
3/28/2024 10:00,5.8,5.612958908,5.233747005
3/28/2024 11:00,9,6.289167881,5.695311069
3/28/2024 12:00,10.8,11.58989143,11.65781212
3/28/2024 13:00,12.6,12.96250343,11.95489883
3/28/2024 14:00,16.6,14.44633484,13.34027958
3/28/2024 15:00,21.2,20.27933693,20.31928062
3/28/2024 16:00,27.7,25.00545311,25.46741486
3/28/2024 17:00,32.4,31.77202797,28.31666374
3/28/2024 18:00,33.5,34.52945709,36.47468567
3/28/2024 19:00,31.3,32.77298355,31.24863815
3/28/2024 20:00,31.3,27.97278023,23.26748657
3/28/2024 21:00,29.9,29.55841827,29.96757126
3/28/2024 22:00,28.8,27.56280708,28.66356277
3/28/2024 23:00,30.6,26.57371902,23.48612022
3/29/2024 0:00,25.2,31.21389961,29.96284103
3/29/2024 1:00,23.8,21.26381683,22.03617859
3/29/2024 2:00,21.2,21.94894409,20.02165413
3/29/2024 3:00,19.1,19.24520302,19.23402405
3/29/2024 4:00,15.8,17.26077271,16.34104919
3/29/2024 5:00,14.8,13.61760712,12.6423912
3/29/2024 6:00,14.4,13.4539938,12.95774651
3/29/2024 7:00,14.8,13.65502071,13.08948898
3/29/2024 8:00,15.1,14.31961727,13.98448372
3/29/2024 9:00,16.2,14.94725037,14.45778465
3/29/2024 10:00,15.1,16.76198959,16.54096985
3/29/2024 11:00,17.6,14.31492996,13.28411388
3/29/2024 12:00,20.9,19.8704071,19.5096817
3/29/2024 13:00,23.8,24.46457291,23.66069794
3/29/2024 14:00,23.8,27.0694294,26.32889748
3/29/2024 15:00,26.3,24.40048599,22.30275345
3/29/2024 16:00,31.7,28.55788422,27.79255295
3/29/2024 17:00,32.4,35.2005806,37.03648376
3/29/2024 18:00,34.9,31.86466599,29.13604355
3/29/2024 19:00,34.9,34.85848618,34.29094315
3/29/2024 20:00,32.4,33.27925491,35.83368301
3/29/2024 21:00,27,28.846138,23.97447586
3/29/2024 22:00,23.4,22.13282013,21.20909119
3/29/2024 23:00,20.2,19.58526421,20.86659241
3/30/2024 0:00,27.4,17.1411953,17.13848114
3/30/2024 1:00,24.8,31.3526783,29.75452423
3/30/2024 2:00,18.7,22.689394,23.13476753
3/30/2024 3:00,13.7,14.38341331,14.41089344
3/30/2024 4:00,6.5,10.70150471,11.55065155
3/30/2024 5:00,9.7,3.516639471,7.467961311
3/30/2024 6:00,11.9,11.43348789,11.20927811
3/30/2024 7:00,13.3,12.98230457,11.518507
3/30/2024 8:00,18,13.70043373,12.65699577
3/30/2024 9:00,17.6,22.42505646,18.54158783
3/30/2024 10:00,13.7,17.49363708,16.35424995
3/30/2024 11:00,12.6,11.55184174,11.9858942
3/30/2024 12:00,15.5,12.34116268,12.26048183
3/30/2024 13:00,23,18.40234184,17.28799057
3/30/2024 14:00,28.4,29.60563278,28.2420311
3/30/2024 15:00,27,33.48913193,32.03560638
3/30/2024 16:00,29.9,26.18010902,27.09124756
3/30/2024 17:00,27,31.62528801,31.61840439
3/30/2024 18:00,23.8,24.17426491,24.90810013
3/30/2024 19:00,23.4,20.25863075,19.76836014
3/30/2024 20:00,19.8,21.83311081,21.72609711
3/30/2024 21:00,17.3,16.53884888,17.11426353
3/30/2024 22:00,13,14.74771023,14.40829468
3/30/2024 23:00,11.2,9.982596397,11.51494217
3/31/2024 0:00,9,9.2716465,10.33573532
3/31/2024 1:00,4,7.200339317,8.780434608
3/31/2024 2:00,2.5,1.778384686,6.270354271
3/31/2024 3:00,3.2,1.948320627,4.844624519
3/31/2024 4:00,3.6,3.648702145,4.73609066
3/31/2024 5:00,5.4,3.717741013,4.431520462
3/31/2024 6:00,5,6.285651207,5.927992821
3/31/2024 7:00,4.3,4.700779438,5.039440155
3/31/2024 8:00,7.2,3.827436447,4.309288979
3/31/2024 9:00,8.6,9.379559517,8.452674866
3/31/2024 10:00,9.4,9.664968491,9.184873581
3/31/2024 11:00,8.3,10.28376675,9.345273972
3/31/2024 12:00,8.6,8.176912308,7.063365936
3/31/2024 13:00,9.4,9.122179985,8.703582764
3/31/2024 14:00,11.2,10.36884403,10.06618977
3/31/2024 15:00,16.6,12.48029423,12.14827919
3/31/2024 16:00,15.8,20.81064987,21.70012474
3/31/2024 17:00,16.6,15.38325119,14.77254772
3/31/2024 18:00,8.6,16.69539261,14.6852026
3/31/2024 19:00,3.6,5.441793442,8.359323502
3/31/2024 20:00,10.8,2.307430744,5.420380592
3/31/2024 21:00,7.6,15.35116959,13.86895847
3/31/2024 22:00,5.4,6.186164856,8.337939262
3/31/2024 23:00,3.6,4.172968864,6.548455238
